User ID,First Name,Last Name,Full Name,Install ,Uninstall Time,App Launch,Start Registration ,Registration Completed,First Time Transaction,City Activity,Country Activity,OS,Age
51206,Abby,Nixon,Abby Nixon,06-Jan-21,10-Jan-21,06-Jan-21,  , , ,Surabaya,Indonesia,IOS,20
58863,Abril,Hunter,Abril Hunter,10-Jan-21,11-Jan-21,10-Jan-21, , , ,Surabaya,Indonesia,Android,19
58934,Ada,Murillo,Ada Murillo,07-Jan-21,09-Jan-21,07-Jan-21, , , ,Tangerang,Indonesia,Android,19
54810,Addisyn,Bradford,Addisyn Bradford,05-Jan-21, ,05-Jan-21,05-Jan-21,05-Jan-21,05-Jan-21,Tangerang,Indonesia,Android,19
51424,Adelyn,Simmons,Adelyn Simmons,21-Jan-21, ,21-Jan-21,21-Jan-21,21-Jan-21, ,Semarang,Indonesia,Android,22
51484,Adriel,Key,Adriel Key,13-Jan-21, ,13-Jan-21,13-Jan-21,13-Jan-21, ,Semarang,Indonesia,Android,19
55366,Adyson,Munoz,Adyson Munoz,05-Jan-21,24-Feb-21,05-Jan-21,05-Jan-21,05-Jan-21,05-Jan-21,Angke,Indonesia,Android,17
56381,Adyson,Graham,Adyson Graham,19-Jan-21,22-Jan-21,19-Jan-21,22-Jan-21,22-Jan-21, ,Surabaya,Indonesia,Android,19
54239,Alaina,Aguirre,Alaina Aguirre,22-Jan-21,23-Jan-21,22-Jan-21,22-Jan-21, , ,Surabaya,Indonesia,Android,20
52061,Alannah,Meyers,Alannah Meyers,31-Jan-21,31-Jan-21,31-Jan-21,31-Jan-21, , ,Angke,Indonesia,Android,20
55949,Aleah,Davenport,Aleah Davenport,28-Jan-21,07-Feb-21,30-Jan-21,02-Feb-21,02-Feb-21,02-Feb-21,Surabaya,Indonesia,IOS,22
53787,Aleah,Roman,Aleah Roman,29-Jan-21,31-Jan-21,29-Jan-21,29-Jan-21, , ,Semarang,Indonesia,Android,20
53933,Aleena,Gibson,Aleena Gibson,11-Jan-21,13-Jan-21,11-Jan-21,11-Jan-21, , ,Semarang,Indonesia,Android,17
59861,Alessandro,Valencia,Alessandro Valencia,21-Jan-21,23-Jan-21,21-Jan-21, , , ,Angke,Indonesia,Android,21
56854,Alfonso,Parsons,Alfonso Parsons,05-Jan-21, ,05-Jan-21,05-Jan-21,06-Jan-21,06-Jan-21,Semarang,Indonesia,Android,22
59958,Alfonso,Tanner,Alfonso Tanner,27-Jan-21, ,01-Feb-21,01-Feb-21,, ,Surabaya,Indonesia,Android,19
53928,Alice,Beard,Alice Beard,29-Jan-21,31-Jan-21,29-Jan-21,29-Jan-21, , ,Surabaya,Indonesia,Android,17
52439,Alissa,Clark,Alissa Clark,10-Jan-21,10-Jan-21,10-Jan-21,10-Jan-21, , ,Kediri,Indonesia,Android,19
51898,Alisson,Pearson,Alisson Pearson,21-Jan-21,21-Jan-21,21-Jan-21,21-Jan-21, , ,Surabaya,Indonesia,Android,18
53474,Aliza,Foley,Aliza Foley,08-Jan-21,09-Jan-21,08-Jan-21,08-Jan-21, , ,Semarang,Indonesia,Android,18
52827,Alyssa,Schneider,Alyssa Schneider,29-Jan-21, ,29-Jan-21,29-Jan-21,29-Jan-21,30-Jan-21,Kudus,Indonesia,Android,21
57852,Amelia,Mckee,Amelia Mckee,14-Jan-21,14-Jan-21,14-Jan-21, , , ,Tangerang,Indonesia,Android,17
56281,Amira,Kent,Amira Kent,01-Jan-21,11-Jan-21,01-Jan-21,04-Jan-21,04-Jan-21,04-Jan-21,Tangerang,Indonesia,Android,18
54843,Amya,Silva,Amya Silva,10-Jan-21,10-Jan-21,10-Jan-21,10-Jan-21,10-Jan-21, ,Surabaya,Indonesia,Android,19
59138,Ana,Edwards,Ana Edwards,05-Jan-21,10-Jan-21,05-Jan-21,09-Jan-21, , ,Semarang,Indonesia,Android,18
54287,Anabella,Nunez,Anabella Nunez,20-Jan-21,21-Jan-21,20-Jan-21,20-Jan-21, , ,Kediri,Indonesia,Android,17
57529,Anabella,Tyler,Anabella Tyler,24-Jan-21,24-Jan-21,24-Jan-21, , , ,Tangerang,Indonesia,Android,21
52638,Anabelle,Acevedo,Anabelle Acevedo,15-Jan-21, ,15-Jan-21,15-Jan-21,15-Jan-21,16-Jan-21,Tangerang,Indonesia,IOS,17
56512,Anastasia,Carlson,Anastasia Carlson,14-Jan-21,18-Jan-21,14-Jan-21,18-Jan-21,18-Jan-21, ,Bandung,Indonesia,Android,21
56985,Anaya,Velez,Anaya Velez,09-Jan-21, ,09-Jan-21,09-Jan-21,10-Jan-21, ,Tangerang,Indonesia,IOS,21
57718,Angeline,Whitaker,Angeline Whitaker,19-Jan-21,19-Jan-21,19-Jan-21, , , ,Tangerang,Indonesia,Android,21
59470,Angelique,Cannon,Angelique Cannon,05-Jan-21, ,08-Jan-21,08-Jan-21,, ,Tangerang,Indonesia,Android,19
57877,Anika,Greer,Anika Greer,04-Jan-21,04-Jan-21,04-Jan-21, , , ,Tangerang,Indonesia,Android,19
56169,Ann,Murray,Ann Murray,14-Jan-21,15-Jan-21,14-Jan-21,15-Jan-21,15-Jan-21, ,Tangerang,Indonesia,Android,20
54245,Anna,Bartlett,Anna Bartlett,02-Jan-21,03-Jan-21,02-Jan-21,02-Jan-21, , ,Tangerang,Indonesia,Android,18
57313,Anna,Harrell,Anna Harrell,05-Jan-21, ,05-Jan-21,05-Jan-21,, ,Tangerang,Indonesia,Android,22
59758,Annalise,Calhoun,Annalise Calhoun,29-Jan-21,05-Feb-21,29-Jan-21,04-Feb-21,04-Feb-21, ,Tangerang,Indonesia,Android,18
55266,Araceli,Proctor,Araceli Proctor,02-Jan-21,03-Jan-21,02-Jan-21,02-Jan-21,02-Jan-21, ,Bandung,Indonesia,Android,22
56730,Arturo,Silva,Arturo Silva,13-Jan-21, ,13-Jan-21,13-Jan-21,14-Jan-21,14-Jan-21,Tangerang,Indonesia,Android,22
55875,Arturo,Mejia,Arturo Mejia,18-Jan-21, ,18-Jan-21,18-Jan-21,18-Jan-21,28-Jan-21,Tangerang,Indonesia,Android,22
52038,Aryan,Reese,Aryan Reese,06-Jan-21, ,06-Jan-21,06-Jan-21,06-Jan-21,08-Jan-21,Tangerang,Indonesia,Android,19
54822,Aryanna,Spence,Aryanna Spence,13-Jan-21, ,13-Jan-21,13-Jan-21,13-Jan-21,13-Jan-21,Tangerang,Indonesia,Android,18
55875,Ashanti,Huang,Ashanti Huang,22-Jan-21,23-Jan-21,22-Jan-21,23-Jan-21,23-Jan-21, ,Tangerang,Indonesia,Android,18
57554,Ashlee,Shah,Ashlee Shah,08-Jan-21,08-Jan-21,08-Jan-21, , , ,Tangerang,Indonesia,Android,18
52462,Ashton,Yu,Ashton Yu,12-Jan-21,12-Jan-21,12-Jan-21,12-Jan-21, , ,Tangerang,Indonesia,Android,20
56712,Aspen,Sweeney,Aspen Sweeney,18-Jan-21,18-Jan-21,18-Jan-21, , , ,Tangerang,Indonesia,Android,18
54060,Aubrie,Underwood,Aubrie Underwood,24-Jan-21,17-Mar-21,25-Jan-21,26-Jan-21, , ,Tangerang,Indonesia,IOS,19
55205,Augustus,Livingston,Augustus Livingston,15-Jan-21,20-Jan-21,15-Jan-21,15-Jan-21,15-Jan-21, ,Tangerang,Indonesia,Android,17
53310,Ayden,Mullins,Ayden Mullins,12-Jan-21,13-Jan-21,12-Jan-21,12-Jan-21, , ,Tangerang,Indonesia,Android,19
54164,Ayla,Dyer,Ayla Dyer,02-Jan-21, ,02-Jan-21,02-Jan-21,02-Jan-21,02-Jan-21,Tangerang,Indonesia,Android,21
57109,Aylin,Serrano,Aylin Serrano,13-Jan-21,13-Jan-21,13-Jan-21, , , ,Tangerang,Indonesia,Android,19
51743,Belinda,Valentine,Belinda Valentine,10-Jan-21, ,10-Jan-21,10-Jan-21,10-Jan-21,12-Jan-21,Tangerang,Indonesia,Android,17
52617,Blake,Dunlap,Blake Dunlap,25-Jan-21, ,25-Jan-21,25-Jan-21,25-Jan-21,26-Jan-21,Tangerang,Indonesia,Android,18
51128,Brandon,Conway,Brandon Conway,05-Jan-21, ,05-Jan-21,05-Jan-21,05-Jan-21, ,Tangerang,Indonesia,Android,22
55107,Braydon,Gamble,Braydon Gamble,23-Jan-21,23-Jan-21,23-Jan-21,23-Jan-21,23-Jan-21, ,Tangerang,Indonesia,Android,19
55957,Braylon,Mcclure,Braylon Mcclure,26-Jan-21,27-Jan-21,26-Jan-21,27-Jan-21,27-Jan-21, ,Tangerang,Indonesia,Android,17
55363,Brenden,Mayo,Brenden Mayo,23-Jan-21,27-Jan-21,23-Jan-21,23-Jan-21,23-Jan-21, ,Tangerang,Indonesia,Android,21
55327,Brennan,Richardson,Brennan Richardson,17-Jan-21,17-Jan-21,17-Jan-21,17-Jan-21,17-Jan-21, ,Tangerang,Indonesia,Android,22
53247,Brenton,Wolfe,Brenton Wolfe,04-Jan-21,04-Jan-21,04-Jan-21,04-Jan-21, , ,Tangerang,Indonesia,Android,21
57666,Brian,Lynch,Brian Lynch,25-Jan-21,25-Jan-21,25-Jan-21, , , ,Tangerang,Indonesia,Android,17
57598,Brisa,Stafford,Brisa Stafford,15-Jan-21, ,15-Jan-21,15-Jan-21, , ,Tangerang,Indonesia,IOS,21
58981,Britney,Wolfe,Britney Wolfe,26-Jan-21, ,26-Jan-21,26-Jan-21,, ,Tangerang,Indonesia,Android,20
58273,Brogan,Sellers,Brogan Sellers,22-Jan-21,22-Jan-21,22-Jan-21, , , ,Bandung,Indonesia,Android,17
55984,Brooks,Blackburn,Brooks Blackburn,28-Jan-21, ,28-Jan-21,28-Jan-21,28-Jan-21,29-Jan-21,Tangerang,Indonesia,Android,20
59412,Bryce,Hopkins,Bryce Hopkins,24-Jan-21, ,25-Jan-21,25-Jan-21,, ,Tangerang,Indonesia,Android,21
51251,Brynn,Crosby,Brynn Crosby,19-Jan-21, ,19-Jan-21,19-Jan-21,19-Jan-21,19-Jan-21,Tangerang,Indonesia,IOS,21
56825,Cailyn,Meza,Cailyn Meza,19-Jan-21, ,19-Jan-21,19-Jan-21,20-Jan-21,24-Jan-21,Pekanbaru,Indonesia,Android,19
56190,Camren,Barr,Camren Barr,07-Jan-21,12-Jan-21,07-Jan-21,10-Jan-21,10-Jan-21, ,Pekanbaru,Indonesia,Android,21
56958,Carley,Burns,Carley Burns,18-Jan-21,18-Jan-21,18-Jan-21, , , ,Pekanbaru,Indonesia,Android,17
52721,Carlo,Schmitt,Carlo Schmitt,12-Jan-21,12-Jan-21,12-Jan-21,12-Jan-21, , ,Pekanbaru,Indonesia,Android,17
54619,Chaim,Garrison,Chaim Garrison,23-Jan-21, ,23-Jan-21,23-Jan-21,23-Jan-21, ,Pekanbaru,Indonesia,IOS,19
55558,Chana,Meza,Chana Meza,15-Jan-21, ,15-Jan-21,15-Jan-21,15-Jan-21,15-Jan-21,Pekanbaru,Indonesia,Android,21
57246,Chance,Huffman,Chance Huffman,08-Jan-21, ,08-Jan-21,08-Jan-21, , ,Pekanbaru,Indonesia,IOS,20
55161,Chandler,Mcclain,Chandler Mcclain,30-Jan-21, ,30-Jan-21,30-Jan-21,31-Jan-21, ,Pekanbaru,Indonesia,IOS,18
51303,Charles,Short,Charles Short,19-Jan-21, ,19-Jan-21,19-Jan-21,19-Jan-21,19-Jan-21,Pekanbaru,Indonesia,IOS,21
53170,Charlie,Cervantes,Charlie Cervantes,13-Jan-21,13-Jan-21,13-Jan-21,13-Jan-21, , ,Pekanbaru,Indonesia,Android,19
57009,Charlie,Briggs,Charlie Briggs,30-Jan-21,30-Jan-21,30-Jan-21, , , ,Harjosari,Indonesia,Android,17
51615,Chaya,Friedman,Chaya Friedman,07-Jan-21,07-Jan-21,07-Jan-21,07-Jan-21, , ,Pekanbaru,Indonesia,Android,18
55319,Christine,Fritz,Christine Fritz,01-Jan-21, ,01-Jan-21,01-Jan-21,01-Jan-21,01-Jan-21,Pekanbaru,Indonesia,Android,21
51129,Christopher,Mccullough,Christopher Mccullough,08-Jan-21,08-Jan-21,08-Jan-21,08-Jan-21, , ,Pekanbaru,Indonesia,Android,20
56224,Cierra,Greene,Cierra Greene,02-Jan-21, ,02-Jan-21,02-Jan-21,02-Jan-21,02-Jan-21,Denpasar,Indonesia,Android,22
54136,Cole,Calhoun,Cole Calhoun,12-Jan-21,14-Jan-21,12-Jan-21,12-Jan-21, , ,Denpasar,Indonesia,Android,18
58980,Cole,Decker,Cole Decker,11-Jan-21,17-Feb-21,11-Jan-21, , , ,Denpasar,Indonesia,Android,19
52415,Cora,Alvarado,Cora Alvarado,27-Jan-21,27-Jan-21,27-Jan-21,27-Jan-21, , ,Denpasar,Indonesia,Android,21
53444,Cornelius,Mueller,Cornelius Mueller,29-Jan-21, ,29-Jan-21,29-Jan-21,29-Jan-21,30-Jan-21,Denpasar,Indonesia,Android,18
53453,Dahlia,Mcintosh,Dahlia Mcintosh,12-Jan-21,13-Jan-21,12-Jan-21,12-Jan-21, , ,Denpasar,Indonesia,Android,21
55297,Dalia,Macias,Dalia Macias,01-Jan-21, ,01-Jan-21,01-Jan-21,01-Jan-21,01-Jan-21,Denpasar,Indonesia,Android,19
52015,Damarion,Bryan,Damarion Bryan,24-Jan-21,24-Jan-21,24-Jan-21,24-Jan-21, , ,Denpasar,Indonesia,Android,17
56160,Damarion,Oliver,Damarion Oliver,22-Jan-21,23-Jan-21,22-Jan-21,23-Jan-21,23-Jan-21, ,Denpasar,Indonesia,Android,21
56623,Damarion,Chaney,Damarion Chaney,07-Jan-21,07-Jan-21,07-Jan-21, , , ,Denpasar,Indonesia,Android,17
58665,Dania,Beck,Dania Beck,17-Jan-21, ,17-Jan-21,17-Jan-21,, ,Denpasar,Indonesia,Android,20
57042,Darwin,Boyle,Darwin Boyle,11-Jan-21,11-Jan-21,11-Jan-21, , , ,Denpasar,Indonesia,Android,22
51593,Dashawn,Anthony,Dashawn Anthony,21-Jan-21,21-Jan-21,21-Jan-21,21-Jan-21, , ,Denpasar,Indonesia,Android,17
54838,Davis,Daniels,Davis Daniels,11-Jan-21,18-Jan-21,11-Jan-21,11-Jan-21,11-Jan-21, ,Denpasar,Indonesia,Android,17
56561,Dawson,Arias,Dawson Arias,21-Jan-21, ,21-Jan-21,21-Jan-21,22-Jan-21,25-Jan-21,Denpasar,Indonesia,Android,22
58079,Dayami,Kent,Dayami Kent,11-Jan-21, ,11-Jan-21,11-Jan-21, , ,Denpasar,Indonesia,IOS,20
58774,Dayana,Stuart,Dayana Stuart,22-Jan-21, ,22-Jan-21,22-Jan-21,, ,Denpasar,Indonesia,Android,22
57454,Deanna,Barnett,Deanna Barnett,28-Jan-21, ,28-Jan-21,28-Jan-21,, ,Denpasar,Indonesia,Android,21
56398,Deborah,Larsen,Deborah Larsen,05-Jan-21, ,05-Jan-21,05-Jan-21,05-Jan-21,05-Jan-21,Denpasar,Indonesia,Android,21
57162,Deborah,Hull,Deborah Hull,26-Jan-21,26-Jan-21,26-Jan-21, , , ,Denpasar,Indonesia,Android,18
58853,Demetrius,Garcia,Demetrius Garcia,26-Jan-21,27-Jan-21,26-Jan-21, , , ,Denpasar,Indonesia,Android,21
52699,Denise,Bradshaw,Denise Bradshaw,09-Jan-21,09-Jan-21,09-Jan-21,09-Jan-21, , ,Denpasar,Indonesia,Android,20
55240,Denisse,Stephens,Denisse Stephens,10-Jan-21,10-Jan-21,10-Jan-21,10-Jan-21,10-Jan-21, ,Denpasar,Indonesia,Android,21
58375,Denzel,Newton,Denzel Newton,29-Jan-21, ,29-Jan-21,29-Jan-21,, ,Denpasar,Indonesia,Android,22
56117,Derrick,Walters,Derrick Walters,20-Jan-21,11-Feb-21,20-Jan-21,21-Jan-21,21-Jan-21, ,Denpasar,Indonesia,Android,17
51551,Dillon,Davis,Dillon Davis,12-Jan-21, ,12-Jan-21,12-Jan-21,12-Jan-21, ,Denpasar,Indonesia,Android,19
52290,Donald,Rhodes,Donald Rhodes,18-Jan-21, ,18-Jan-21,18-Jan-21,18-Jan-21,19-Jan-21,Denpasar,Indonesia,Android,19
55945,Donovan,Sanchez,Donovan Sanchez,11-Jan-21,12-Jan-21,11-Jan-21,12-Jan-21,12-Jan-21, ,Denpasar,Indonesia,Android,17
55590,Drew,Underwood,Drew Underwood,18-Jan-21,18-Jan-21,18-Jan-21,18-Jan-21,18-Jan-21, ,Denpasar,Indonesia,Android,18
52631,Dulce,Whitaker,Dulce Whitaker,29-Jan-21,29-Jan-21,29-Jan-21,29-Jan-21, , ,Denpasar,Indonesia,Android,19
54554,Dustin,Ball,Dustin Ball,25-Jan-21,26-Jan-21,25-Jan-21,25-Jan-21,25-Jan-21, ,Denpasar,Indonesia,Android,19
59827,Ean,Francis,Ean Francis,25-Jan-21, ,08-Feb-21,13-Feb-21, , ,Denpasar,Indonesia,IOS,25
55923,Edgar,Woodward,Edgar Woodward,16-Jan-21,17-Jan-21,16-Jan-21,17-Jan-21,17-Jan-21, ,Denpasar,Indonesia,Android,17
59537,Elena,Ali,Elena Ali,15-Jan-21,29-Jan-21,15-Jan-21,18-Jan-21, , ,Denpasar,Indonesia,Android,20
59180,Elian,Carson,Elian Carson,04-Jan-21, ,05-Jan-21,05-Jan-21,, ,Denpasar,Indonesia,Android,22
58108,Elisa,Haney,Elisa Haney,06-Jan-21, ,06-Jan-21,06-Jan-21,, ,Denpasar,Indonesia,Android,18
59987,Elisha,Frazier,Elisha Frazier,22-Jan-21, ,23-Mar-21,23-Mar-21,, ,Denpasar,Indonesia,Android,17
56263,Ellen,Solomon,Ellen Solomon,14-Jan-21,19-Jan-21,14-Jan-21,17-Jan-21,17-Jan-21, ,Denpasar,Indonesia,Android,20
58623,Elliot,Rollins,Elliot Rollins,02-Jan-21,03-Jan-21,02-Jan-21, , , ,Denpasar,Indonesia,Android,21
57973,Elsa,Warren,Elsa Warren,26-Jan-21, ,26-Jan-21,26-Jan-21,, ,Denpasar,Indonesia,Android,21
59011,Emely,Watts,Emely Watts,17-Jan-21,10-Feb-21,17-Jan-21, , , ,Denpasar,Indonesia,Android,20
52794,Emilia,Mcbride,Emilia Mcbride,29-Jan-21,29-Jan-21,29-Jan-21,29-Jan-21, , ,Denpasar,Indonesia,Android,19
51459,Evelyn,Payne,Evelyn Payne,27-Jan-21,27-Jan-21,27-Jan-21,27-Jan-21, , ,Denpasar,Indonesia,Android,21
58394,Evelyn,Gay,Evelyn Gay,27-Jan-21,27-Jan-21,27-Jan-21, , , ,Denpasar,Indonesia,Android,28
59591,Ezekiel,Dennis,Ezekiel Dennis,08-Jan-21,19-Mar-21,27-Feb-21,19-Mar-21,19-Mar-21, ,Asa,Indonesia,IOS,26
58547,Felix,Burke,Felix Burke,28-Jan-21, ,28-Jan-21,28-Jan-21,, ,Mimika,Indonesia,Android,27
58119,Fernanda,Patrick,Fernanda Patrick,09-Jan-21,09-Jan-21,09-Jan-21, , , ,Manado,Indonesia,Android,28
56844,Fernando,Schmidt,Fernando Schmidt,06-Jan-21,06-Jan-21,06-Jan-21, , , ,Bengkulu,Indonesia,Android,23
57858,Finnegan,Nolan,Finnegan Nolan,12-Jan-21, ,12-Jan-21,12-Jan-21,, ,Manado,Indonesia,Android,29
53790,Fletcher,Blackwell,Fletcher Blackwell,13-Jan-21,15-Jan-21,13-Jan-21,13-Jan-21, , ,Jambi,Indonesia,Android,27
57880,Franco,Ballard,Franco Ballard,10-Jan-21,10-Jan-21,10-Jan-21, , , ,Sampit,Indonesia,Android,29
59727,Frankie,Keith,Frankie Keith,20-Jan-21, ,27-Jan-21,27-Jan-21,, ,Padang,Indonesia,Android,27
54411,Frederick,Fitzgerald,Frederick Fitzgerald,11-Jan-21,13-Jan-21,11-Jan-21,11-Jan-21,11-Jan-21, ,Mataram,Indonesia,Android,29
55631,George,Moon,George Moon,22-Jan-21,22-Jan-21,22-Jan-21,22-Jan-21,22-Jan-21, ,Banda,Indonesia,Android,29
54513,Gia,Valenzuela,Gia Valenzuela,07-Jan-21,08-Jan-21,07-Jan-21,07-Jan-21,07-Jan-21,07-Jan-21,Manado,Indonesia,Android,25
54590,Gilbert,Tyler,Gilbert Tyler,05-Jan-21, ,05-Jan-21,05-Jan-21,05-Jan-21,05-Jan-21,Manado,Indonesia,Android,28
52856,Gilberto,Browning,Gilberto Browning,23-Jan-21, ,23-Jan-21,23-Jan-21,23-Jan-21,26-Jan-21,Jayapura,Indonesia,IOS,24
53760,Giovani,Zamora,Giovani Zamora,19-Jan-21,20-Jan-21,19-Jan-21,19-Jan-21, , ,S?£o,Indonesia,Android,25
54820,Giovanna,Martin,Giovanna Martin,24-Jan-21,27-Jan-21,24-Jan-21,24-Jan-21,24-Jan-21, ,Mataram,Indonesia,Android,27
56870,Giovanna,Adkins,Giovanna Adkins,17-Jan-21,17-Jan-21,17-Jan-21, , , ,Ternate,Indonesia,Android,30
51454,Gisselle,Maxwell,Gisselle Maxwell,20-Jan-21,20-Jan-21,20-Jan-21,20-Jan-21, , ,Mataram,Indonesia,Android,24
57084,Gracie,Hull,Gracie Hull,18-Jan-21,18-Jan-21,18-Jan-21, , , ,Ambon,Indonesia,Android,29
59725,Gregory,Davenport,Gregory Davenport,19-Jan-21, ,23-Jan-21,23-Jan-21,, ,Ambon,Indonesia,Android,26
52262,Gwendolyn,Lam,Gwendolyn Lam,12-Jan-21,12-Jan-21,12-Jan-21,12-Jan-21, , ,Ambon,Indonesia,Android,29
51124,Hailie,Blackwell,Hailie Blackwell,08-Jan-21,11-Jan-21,08-Jan-21,  , , ,Jambi,Indonesia,IOS,26
57202,Haleigh,Wood,Haleigh Wood,29-Jan-21,29-Jan-21,29-Jan-21, , , ,Ambon,Indonesia,Android,27
53022,Haley,Frazier,Haley Frazier,12-Jan-21, ,12-Jan-21,12-Jan-21,12-Jan-21,13-Jan-21,Kupang,Indonesia,Android,24
56934,Harley,Howell,Harley Howell,09-Jan-21,09-Jan-21,09-Jan-21, , , ,Bukittinggi,Indonesia,Android,30
59884,Harmony,Patton,Harmony Patton,10-Jan-21, ,01-Mar-21,01-Mar-21,, ,Palu,Indonesia,Android,29
54549,Hayden,Oneal,Hayden Oneal,03-Jan-21,05-Jan-21,03-Jan-21,03-Jan-21,03-Jan-21, ,Palu,Indonesia,Android,25
52425,Haylee,Levine,Haylee Levine,26-Jan-21, ,26-Jan-21,26-Jan-21,26-Jan-21,27-Jan-21,Timika,Indonesia,Android,27
51634,Heaven,Marquez,Heaven Marquez,18-Jan-21, ,18-Jan-21,18-Jan-21,18-Jan-21,20-Jan-21,Ambon,Indonesia,Android,23
57330,Helen,Schwartz,Helen Schwartz,31-Jan-21, ,31-Jan-21,31-Jan-21,, ,Padang,Indonesia,Android,30
51446,Ibrahim,Hickman,Ibrahim Hickman,19-Jan-21,19-Jan-21,19-Jan-21,19-Jan-21, , ,Padang,Indonesia,Android,26
52019,Iris,Roach,Iris Roach,08-Jan-21,08-Jan-21,08-Jan-21,08-Jan-21, , ,Kupang,Indonesia,Android,28
54705,Isis,Austin,Isis Austin,13-Jan-21,25-Feb-21,14-Jan-21,16-Jan-21,16-Jan-21,16-Jan-21,Manado,Indonesia,IOS,30
59338,Issac,Barrett,Issac Barrett,07-Jan-21,15-Jan-21,07-Jan-21,10-Jan-21, , ,Mataram,Indonesia,Android,26
59008,Jacob,Gilbert,Jacob Gilbert,13-Jan-21, ,13-Jan-21,13-Jan-21,, ,Manado,Indonesia,Android,30
59717,Jadon,Jensen,Jadon Jensen,20-Jan-21,29-Jan-21,20-Jan-21,23-Jan-21, , ,Sorong,Indonesia,Android,30
52513,Jaelynn,Holden,Jaelynn Holden,13-Jan-21,13-Jan-21,13-Jan-21,13-Jan-21, , ,Jakarta,Indonesia,Android,26
55526,Jagger,Valdez,Jagger Valdez,14-Jan-21,14-Jan-21,14-Jan-21,14-Jan-21,14-Jan-21, ,Jakarta,Indonesia,Android,23
59538,Jaiden,Case,Jaiden Case,09-Jan-21,26-Jan-21,09-Jan-21,12-Jan-21, , ,Jakarta,Indonesia,Android,30
54546,Jaime,Ball,Jaime Ball,16-Jan-21, ,16-Jan-21,16-Jan-21,16-Jan-21,16-Jan-21,Jakarta,Indonesia,Android,27
55352,Jamarcus,Poole,Jamarcus Poole,22-Jan-21,22-Jan-21,22-Jan-21,22-Jan-21,22-Jan-21, ,Jakarta,Indonesia,Android,28
53116,Jamie,Lucas,Jamie Lucas,12-Jan-21,12-Jan-21,12-Jan-21,12-Jan-21, , ,Jakarta,Indonesia,Android,28
57158,Jamiya,Church,Jamiya Church,22-Jan-21, ,22-Jan-21,22-Jan-21,, ,Jakarta,Indonesia,Android,26
58953,Jaquan,Wise,Jaquan Wise,25-Jan-21,24-Feb-21,25-Jan-21, , , ,Jakarta,Indonesia,Android,29
53553,Jarrett,Turner,Jarrett Turner,17-Jan-21, ,17-Jan-21,17-Jan-21,17-Jan-21,29-Jan-21,Jakarta,Indonesia,Android,23
52132,Jase,Dillon,Jase Dillon,23-Jan-21,23-Jan-21,23-Jan-21,23-Jan-21, , ,Jakarta,Indonesia,Android,28
54219,Jason,Burke,Jason Burke,29-Jan-21,30-Jan-21,29-Jan-21,29-Jan-21, , ,Jakarta,Indonesia,Android,23
58866,Jaxson,Nelson,Jaxson Nelson,25-Jan-21,26-Jan-21,25-Jan-21, , , ,Jakarta,Indonesia,Android,24
55848,Jaydan,Dickerson,Jaydan Dickerson,27-Jan-21, ,27-Jan-21,27-Jan-21,27-Jan-21,28-Jan-21,Jakarta,Indonesia,Android,26
51925,Jaydan,Taylor,Jaydan Taylor,31-Jan-21,07-Feb-21,31-Jan-21,  , , ,Jakarta,Indonesia,IOS,30
55659,Jaylan,Watts,Jaylan Watts,13-Jan-21, ,13-Jan-21,13-Jan-21,13-Jan-21,13-Jan-21,Jakarta,Indonesia,Android,27
51714,Jaylin,Fletcher,Jaylin Fletcher,31-Jan-21,02-Feb-21,31-Jan-21,  , , ,Jakarta,Indonesia,IOS,25
54961,Jennifer,Morales,Jennifer Morales,20-Jan-21,23-Jan-21,20-Jan-21,20-Jan-21,20-Jan-21, ,Jakarta,Indonesia,Android,23
54331,Jesse,Boyd,Jesse Boyd,10-Jan-21,11-Jan-21,10-Jan-21,10-Jan-21, , ,Jakarta,Indonesia,Android,29
56543,Jessie,Erickson,Jessie Erickson,22-Jan-21,29-Jan-21,22-Jan-21,26-Jan-21,26-Jan-21, ,Jakarta,Indonesia,Android,30
53017,Jett,Valencia,Jett Valencia,21-Jan-21,21-Jan-21,21-Jan-21,21-Jan-21, , ,Jakarta,Indonesia,Android,24
58457,Jett,Byrd,Jett Byrd,27-Jan-21, ,27-Jan-21,27-Jan-21, , ,Jakarta,Indonesia,IOS,30
58951,Joanna,Kirk,Joanna Kirk,16-Jan-21, ,16-Jan-21,17-Jan-21, , ,Jakarta,Indonesia,IOS,29
57336,Johnny,Cunningham,Johnny Cunningham,30-Jan-21,30-Jan-21,30-Jan-21, , , ,Jakarta,Indonesia,Android,24
56567,Jonathon,Gill,Jonathon Gill,11-Jan-21, ,11-Jan-21,11-Jan-21,12-Jan-21,12-Jan-21,Jakarta,Indonesia,Android,29
57770,Jordon,Villanueva,Jordon Villanueva,22-Jan-21,22-Jan-21,22-Jan-21, , , ,Jakarta,Indonesia,Android,30
55681,Josie,Fritz,Josie Fritz,20-Jan-21,20-Jan-21,20-Jan-21,20-Jan-21,20-Jan-21, ,Jakarta,Indonesia,Android,29
56766,Josie,Flores,Josie Flores,27-Jan-21,27-Jan-21,27-Jan-21, , , ,Jakarta,Indonesia,Android,24
56700,Jovanny,Wood,Jovanny Wood,22-Jan-21, ,22-Jan-21,22-Jan-21,23-Jan-21,26-Jan-21,Jakarta,Indonesia,Android,24
51201,Joyce,Hurst,Joyce Hurst,19-Jan-21,19-Jan-21,19-Jan-21,19-Jan-21, , ,Jakarta,Indonesia,Android,30
53064,Julia,Moss,Julia Moss,15-Jan-21,15-Jan-21,15-Jan-21,15-Jan-21, , ,Jakarta,Indonesia,Android,25
54446,Julia,Molina,Julia Molina,13-Jan-21,14-Jan-21,13-Jan-21,13-Jan-21,13-Jan-21, ,Jakarta,Indonesia,Android,24
53249,Justin,Maddox,Justin Maddox,21-Jan-21,21-Jan-21,21-Jan-21,21-Jan-21, , ,Jakarta,Indonesia,Android,27
52864,Justus,Hayes,Justus Hayes,05-Jan-21, ,05-Jan-21,05-Jan-21,05-Jan-21,06-Jan-21,Jakarta,Indonesia,Android,23
58128,Kaden,Wagner,Kaden Wagner,15-Jan-21, ,15-Jan-21,15-Jan-21, , ,Jakarta,Indonesia,IOS,25
58919,Kaden,Bruce,Kaden Bruce,20-Jan-21, ,20-Jan-21,20-Jan-21,, ,Jakarta,Indonesia,Android,25
53939,Kaeden,Pollard,Kaeden Pollard,24-Jan-21, ,24-Jan-21,24-Jan-21,24-Jan-21,26-Jan-21,Jakarta,Indonesia,Android,23
52985,Kaila,Massey,Kaila Massey,20-Jan-21, ,20-Jan-21,20-Jan-21,20-Jan-21, ,Jakarta,Indonesia,IOS,28
56331,Kaila,Browning,Kaila Browning,02-Jan-21,06-Jan-21,02-Jan-21,05-Jan-21,05-Jan-21, ,Jakarta,Indonesia,Android,30
51382,Kailee,Harvey,Kailee Harvey,31-Jan-21,31-Jan-21,31-Jan-21,31-Jan-21, , ,Jakarta,Indonesia,Android,27
51755,Kailey,Russell,Kailey Russell,18-Jan-21,18-Jan-21,18-Jan-21,18-Jan-21, , ,Jakarta,Indonesia,Android,25
57973,Kale,Woods,Kale Woods,05-Jan-21,05-Jan-21,05-Jan-21, , , ,Jakarta,Indonesia,Android,27
55045,Kaleb,Holmes,Kaleb Holmes,13-Jan-21,13-Jan-21,13-Jan-21,13-Jan-21,13-Jan-21, ,Jakarta,Indonesia,Android,25
55599,Kamryn,Goodwin,Kamryn Goodwin,18-Jan-21,18-Jan-21,18-Jan-21,18-Jan-21,18-Jan-21, ,Jakarta,Indonesia,Android,30
52925,Karina,Leonard,Karina Leonard,28-Jan-21,01-Feb-21,28-Jan-21,29-Jan-21, , ,Jakarta,Indonesia,IOS,24
51353,Karter,Hinton,Karter Hinton,21-Jan-21, ,21-Jan-21,21-Jan-21,21-Jan-21, ,Jakarta,Indonesia,Android,27
54825,Kash,Fowler,Kash Fowler,07-Jan-21, ,07-Jan-21,07-Jan-21,07-Jan-21,07-Jan-21,Jakarta,Indonesia,Android,25
53908,Katherine,Fuentes,Katherine Fuentes,12-Jan-21, ,12-Jan-21,12-Jan-21,12-Jan-21,12-Jan-21,Jakarta,Indonesia,Android,27
57090,Kaya,Solomon,Kaya Solomon,10-Jan-21, ,10-Jan-21,10-Jan-21,11-Jan-21,11-Jan-21,Jakarta,Indonesia,Android,23
57219,Kaylin,Hebert,Kaylin Hebert,28-Jan-21,28-Jan-21,28-Jan-21, , , ,Jakarta,Indonesia,Android,29
53547,Keagan,Cruz,Keagan Cruz,10-Jan-21,11-Jan-21,10-Jan-21,10-Jan-21, , ,Jakarta,Indonesia,Android,29
57264,Kellen,Church,Kellen Church,16-Jan-21,16-Jan-21,16-Jan-21, , , ,Jakarta,Indonesia,Android,23
53620,Kendal,Spence,Kendal Spence,18-Jan-21, ,18-Jan-21,18-Jan-21,18-Jan-21,25-Jan-21,Jakarta,Indonesia,Android,28
57123,Kendal,Glass,Kendal Glass,22-Jan-21, ,22-Jan-21,22-Jan-21,23-Jan-21,26-Jan-21,Jakarta,Indonesia,Android,29
58739,Kendra,Ritter,Kendra Ritter,24-Jan-21,25-Jan-21,24-Jan-21, , , ,Jakarta,Indonesia,Android,26
56837,Kiana,Davidson,Kiana Davidson,17-Jan-21,17-Jan-21,17-Jan-21, , , ,Jakarta,Indonesia,Android,26
54114,Kiara,Huff,Kiara Huff,12-Jan-21,14-Jan-21,12-Jan-21,12-Jan-21, , ,Jakarta,Indonesia,Android,25
53342,Killian,Donaldson,Killian Donaldson,05-Jan-21,06-Jan-21,05-Jan-21,05-Jan-21, , ,Jakarta,Indonesia,Android,23
51620,Kinsley,Bradshaw,Kinsley Bradshaw,20-Jan-21,23-Jan-21,20-Jan-21,  , , ,Jakarta,Indonesia,IOS,28
58674,Kole,Heath,Kole Heath,10-Jan-21,11-Jan-21,10-Jan-21, , , ,Jakarta,Indonesia,Android,25
54367,Kolton,Blackwell,Kolton Blackwell,06-Jan-21,07-Jan-21,06-Jan-21,06-Jan-21, , ,Jakarta,Indonesia,Android,30
54995,Konner,Dudley,Konner Dudley,27-Jan-21, ,27-Jan-21,27-Jan-21,28-Jan-21, ,Jakarta,Indonesia,IOS,25
52308,Konnor,Mcknight,Konnor Mcknight,16-Jan-21,16-Jan-21,16-Jan-21,16-Jan-21, , ,Jakarta,Indonesia,Android,26
52390,Kyan,Morrow,Kyan Morrow,02-Jan-21,02-Jan-21,02-Jan-21,02-Jan-21, , ,Jakarta,Indonesia,Android,28
55940,Lacey,Mayer,Lacey Mayer,12-Jan-21,14-Jan-21,12-Jan-21,13-Jan-21,13-Jan-21, ,Jakarta,Indonesia,Android,24
59852,Lara,Baird,Lara Baird,01-Jan-21, ,31-Jan-21,31-Jan-21,, ,Jakarta,Indonesia,Android,27
56128,Leanna,Mosley,Leanna Mosley,04-Jan-21,26-Jan-21,04-Jan-21,05-Jan-21,05-Jan-21,05-Jan-21,Jakarta,Indonesia,Android,26
52966,Leonel,Walton,Leonel Walton,18-Jan-21,18-Jan-21,18-Jan-21,18-Jan-21, , ,Jakarta,Indonesia,Android,29
57572,Leticia,Morgan,Leticia Morgan,07-Jan-21, ,07-Jan-21,07-Jan-21,, ,Jakarta,Indonesia,Android,30
56909,Lilah,Duarte,Lilah Duarte,02-Jan-21,02-Jan-21,02-Jan-21, , , ,Jakarta,Indonesia,Android,29
59744,Lilian,Meza,Lilian Meza,21-Jan-21, ,21-Jan-21,21-Jan-21,, ,Jakarta,Indonesia,Android,26
54752,Lillian,Wolfe,Lillian Wolfe,22-Jan-21,22-Jan-21,22-Jan-21,22-Jan-21,22-Jan-21, ,Jakarta,Indonesia,Android,25
53678,London,Shepherd,London Shepherd,22-Jan-21,23-Jan-21,22-Jan-21,22-Jan-21, , ,Jakarta,Indonesia,Android,26
58960,Londyn,Hodges,Londyn Hodges,14-Jan-21,23-Feb-21,14-Jan-21, , , ,Jakarta,Indonesia,Android,29
54194,Lorelei,Campos,Lorelei Campos,20-Jan-21, ,20-Jan-21,20-Jan-21,20-Jan-21,23-Jan-21,Jakarta,Indonesia,Android,30
57646,Lukas,Rios,Lukas Rios,03-Jan-21,03-Jan-21,03-Jan-21, , , ,Jakarta,Indonesia,Android,24
57753,Luke,Wall,Luke Wall,08-Jan-21, ,08-Jan-21,08-Jan-21,, ,Jakarta,Indonesia,Android,25
56589,Macy,Watson,Macy Watson,17-Jan-21,04-Feb-21,17-Jan-21,21-Jan-21,21-Jan-21, ,Jakarta,Indonesia,Android,25
53977,Madilynn,Park,Madilynn Park,24-Jan-21, ,24-Jan-21,24-Jan-21,24-Jan-21,26-Jan-21,Jakarta,Indonesia,Android,29
51325,Maggie,Conway,Maggie Conway,01-Jan-21,01-Jan-21,01-Jan-21,01-Jan-21, , ,Jakarta,Indonesia,Android,29
52632,Makenzie,Hardin,Makenzie Hardin,23-Jan-21,23-Jan-21,23-Jan-21,23-Jan-21, , ,Jakarta,Indonesia,Android,25
58333,Maliyah,Gaines,Maliyah Gaines,13-Jan-21, ,13-Jan-21,13-Jan-21,, ,Jakarta,Indonesia,Android,26
59720,Mara,Yates,Mara Yates,02-Jan-21,11-Jan-21,02-Jan-21,07-Jan-21,07-Jan-21, ,Jakarta,Indonesia,Android,29
57264,Marely,Mcknight,Marely Mcknight,25-Jan-21,25-Jan-21,25-Jan-21, , , ,Jakarta,Indonesia,Android,28
53550,Marilyn,Barnes,Marilyn Barnes,24-Jan-21,25-Jan-21,24-Jan-21,24-Jan-21, , ,Jakarta,Indonesia,Android,29
58478,Mariyah,Kelly,Mariyah Kelly,09-Jan-21,09-Jan-21,09-Jan-21, , , ,Jakarta,Indonesia,Android,23
59081,Mark,Cooper,Mark Cooper,06-Jan-21,11-Jan-21,06-Jan-21,10-Jan-21, , ,Jakarta,Indonesia,Android,28
53091,Marlene,Wong,Marlene Wong,22-Jan-21,22-Jan-21,22-Jan-21,22-Jan-21, , ,Jakarta,Indonesia,Android,26
53581,Marlie,Holmes,Marlie Holmes,16-Jan-21, ,16-Jan-21,16-Jan-21,16-Jan-21, ,Jakarta,Indonesia,IOS,27
59810,Marlie,Kennedy,Marlie Kennedy,25-Jan-21,04-Feb-21,25-Jan-21,01-Feb-21,01-Feb-21, ,Jakarta,Indonesia,Android,28
57961,Maximus,Haney,Maximus Haney,25-Jan-21, ,25-Jan-21,25-Jan-21,, ,Jakarta,Indonesia,Android,26
58542,Mckenna,Klein,Mckenna Klein,16-Jan-21,17-Jan-21,16-Jan-21, , , ,Jakarta,Indonesia,Android,23
57419,Mia,Chang,Mia Chang,16-Jan-21,16-Jan-21,16-Jan-21, , , ,Jakarta,Indonesia,Android,30
57660,Micah,James,Micah James,27-Jan-21,27-Jan-21,27-Jan-21, , , ,Jakarta,Indonesia,Android,27
52513,Micheal,Alexander,Micheal Alexander,09-Jan-21, ,09-Jan-21,09-Jan-21,09-Jan-21,10-Jan-21,Jakarta,Indonesia,Android,29
56189,Milagros,Randall,Milagros Randall,12-Jan-21,13-Jan-21,12-Jan-21,13-Jan-21,13-Jan-21, ,Jakarta,Indonesia,Android,24
51615,Miles,Mcguire,Miles Mcguire,15-Jan-21, ,15-Jan-21,15-Jan-21,15-Jan-21,17-Jan-21,Jakarta,Indonesia,Android,24
55703,Milton,Prince,Milton Prince,19-Jan-21, ,19-Jan-21,19-Jan-21,19-Jan-21,23-Jan-21,Jakarta,Indonesia,Android,26
59629,Mitchell,Carter,Mitchell Carter,31-Jan-21, ,01-Feb-21,02-Feb-21, , ,Jakarta,Indonesia,IOS,30
54426,Mohamed,Williams,Mohamed Williams,25-Jan-21, ,25-Jan-21,25-Jan-21,25-Jan-21,27-Jan-21,Jakarta,Indonesia,Android,27
51417,Mohammad,Zavala,Mohammad Zavala,25-Jan-21, ,25-Jan-21,25-Jan-21,25-Jan-21, ,Jakarta,Indonesia,Android,23
56533,Myah,Bailey,Myah Bailey,25-Jan-21, ,25-Jan-21,25-Jan-21,26-Jan-21,26-Jan-21,Jakarta,Indonesia,Android,28
51724,Naomi,Wheeler,Naomi Wheeler,03-Jan-21,03-Jan-21,03-Jan-21,03-Jan-21, , ,Jakarta,Indonesia,Android,29
53854,Natalya,Calhoun,Natalya Calhoun,29-Jan-21, ,29-Jan-21,29-Jan-21,29-Jan-21,30-Jan-21,Jakarta,Indonesia,Android,27
53298,Nathanial,Andrade,Nathanial Andrade,11-Jan-21, ,11-Jan-21,11-Jan-21,11-Jan-21,12-Jan-21,Jakarta,Indonesia,Android,24
54452,Nathaniel,Huerta,Nathaniel Huerta,05-Jan-21,05-Jan-21,05-Jan-21,05-Jan-21,05-Jan-21, ,Jakarta,Indonesia,Android,24
55648,Nayeli,Mcclure,Nayeli Mcclure,20-Jan-21, ,20-Jan-21,20-Jan-21,20-Jan-21,24-Jan-21,Jakarta,Indonesia,Android,29
54140,Nia,Osborn,Nia Osborn,09-Jan-21, ,09-Jan-21,09-Jan-21,09-Jan-21,09-Jan-21,Jakarta,Indonesia,Android,24
55509,Nicole,Kemp,Nicole Kemp,16-Jan-21,29-Jan-21,16-Jan-21,16-Jan-21,16-Jan-21, ,Jakarta,Indonesia,Android,28
56008,Nikhil,Khan,Nikhil Khan,08-Jan-21, ,08-Jan-21,08-Jan-21,08-Jan-21,08-Jan-21,Jakarta,Indonesia,Android,26
52640,Nikolai,Walsh,Nikolai Walsh,31-Jan-21,31-Jan-21,31-Jan-21,31-Jan-21, , ,Jakarta,Indonesia,Android,27
59096,Nikolai,Mitchell,Nikolai Mitchell,02-Jan-21, ,02-Jan-21,02-Jan-21,, ,Jakarta,Indonesia,Android,24
56923,Nina,Mullins,Nina Mullins,24-Jan-21,24-Jan-21,24-Jan-21, , , ,Jakarta,Indonesia,Android,26
55878,Noel,Pittman,Noel Pittman,05-Jan-21,09-Jan-21,05-Jan-21,06-Jan-21,06-Jan-21,06-Jan-21,Jakarta,Indonesia,Android,23
51908,Octavio,Rhodes,Octavio Rhodes,26-Jan-21,26-Jan-21,26-Jan-21,26-Jan-21, , ,Jakarta,Indonesia,Android,25
52832,Orion,King,Orion King,27-Jan-21,27-Jan-21,27-Jan-21,27-Jan-21, , ,Jakarta,Indonesia,Android,27
55968,Orion,Lopez,Orion Lopez,12-Jan-21,15-Jan-21,12-Jan-21,13-Jan-21,13-Jan-21, ,Jakarta,Indonesia,Android,26
51281,Paige,Hooper,Paige Hooper,10-Jan-21, ,10-Jan-21,10-Jan-21,10-Jan-21, ,Jakarta,Indonesia,Android,25
53198,Paige,Short,Paige Short,02-Jan-21,24-Jan-21,03-Jan-21,04-Jan-21, , ,Jakarta,Indonesia,IOS,28
53382,Paul,Hodge,Paul Hodge,29-Jan-21, ,29-Jan-21,29-Jan-21,29-Jan-21,30-Jan-21,Jakarta,Indonesia,Android,28
52295,Paul,Jensen,Paul Jensen,18-Jan-21,18-Jan-21,18-Jan-21,18-Jan-21, , ,Jakarta,Indonesia,Android,26
52421,Payton,Barker,Payton Barker,18-Jan-21, ,18-Jan-21,18-Jan-21,18-Jan-21,19-Jan-21,Jakarta,Indonesia,Android,29
58496,Phillip,Townsend,Phillip Townsend,08-Jan-21,09-Jan-21,08-Jan-21, , , ,Jakarta,Indonesia,Android,25
56608,Quentin,Sosa,Quentin Sosa,11-Jan-21, ,11-Jan-21,11-Jan-21,12-Jan-21,12-Jan-21,Jakarta,Indonesia,Android,26
55578,Quintin,Alvarado,Quintin Alvarado,31-Jan-21, ,31-Jan-21,31-Jan-21,31-Jan-21,01-Feb-21,Jakarta,Indonesia,Android,30
54487,Rachael,Stafford,Rachael Stafford,16-Jan-21,16-Jan-21,16-Jan-21,16-Jan-21,16-Jan-21, ,Jakarta,Indonesia,Android,29
51535,Raegan,Gould,Raegan Gould,17-Jan-21,17-Jan-21,17-Jan-21,17-Jan-21, , ,Jakarta,Indonesia,Android,23
57825,Raelynn,Zavala,Raelynn Zavala,22-Jan-21, ,22-Jan-21,22-Jan-21,, ,Jakarta,Indonesia,Android,28
52421,Raiden,Wall,Raiden Wall,02-Jan-21,02-Jan-21,02-Jan-21,02-Jan-21, , ,Jakarta,Indonesia,Android,27
58108,Raina,Cantu,Raina Cantu,26-Jan-21,26-Jan-21,26-Jan-21, , , ,Jakarta,Indonesia,Android,33
54302,Rebecca,Yoder,Rebecca Yoder,04-Jan-21, ,04-Jan-21,04-Jan-21,04-Jan-21,04-Jan-21,Jakarta,Indonesia,Android,31
59179,Reed,Sandoval,Reed Sandoval,09-Jan-21,17-Jan-21,09-Jan-21,13-Jan-21, , ,Jakarta,Indonesia,Android,37
51546,Reilly,Romero,Reilly Romero,22-Jan-21, ,22-Jan-21,22-Jan-21,22-Jan-21,22-Jan-21,Jakarta,Indonesia,IOS,33
56531,Rey,Griffin,Rey Griffin,30-Jan-21, ,30-Jan-21,30-Jan-21,31-Jan-21,01-Feb-21,Jakarta,Indonesia,Android,35
58851,Reyna,Wolfe,Reyna Wolfe,26-Jan-21,27-Jan-21,26-Jan-21, , , ,Jakarta,Indonesia,Android,32
59228,Riley,Pineda,Riley Pineda,31-Jan-21, ,01-Feb-21,01-Feb-21,, ,Jakarta,Indonesia,Android,31
55283,Riya,Hensley,Riya Hensley,30-Jan-21, ,30-Jan-21,30-Jan-21,30-Jan-21,31-Jan-21,Jakarta,Indonesia,Android,33
57258,Roland,Torres,Roland Torres,05-Jan-21,05-Jan-21,05-Jan-21, , , ,Jakarta,Indonesia,Android,35
59416,Rory,Alvarez,Rory Alvarez,29-Jan-21,03-Mar-21,29-Jan-21,01-Feb-21, , ,Jakarta,Indonesia,Android,40
58605,Ryker,Chapman,Ryker Chapman,11-Jan-21, ,11-Jan-21,11-Jan-21,, ,Jakarta,Indonesia,Android,31
51863,Rylee,Hayes,Rylee Hayes,20-Jan-21,25-Jan-21,20-Jan-21,  , , ,Jakarta,Indonesia,IOS,38
51992,Rylee,Douglas,Rylee Douglas,08-Jan-21,08-Jan-21,08-Jan-21,08-Jan-21, , ,Jakarta,Indonesia,Android,40
58390,Rylee,Mann,Rylee Mann,05-Jan-21,05-Jan-21,05-Jan-21, , , ,Jakarta,Indonesia,Android,34
57675,Ryleigh,Cooley,Ryleigh Cooley,18-Jan-21,18-Jan-21,18-Jan-21, , , ,Jakarta,Indonesia,Android,36
58786,Sage,Sherman,Sage Sherman,15-Jan-21,16-Jan-21,15-Jan-21, , , ,Jakarta,Indonesia,Android,37
57680,Samara,Compton,Samara Compton,19-Jan-21,19-Jan-21,19-Jan-21, , , ,Jakarta,Indonesia,Android,39
58944,Samara,Warren,Samara Warren,08-Jan-21,14-Jan-21,08-Jan-21, , , ,Jakarta,Indonesia,Android,31
58925,Samson,Compton,Samson Compton,10-Jan-21, ,10-Jan-21,10-Jan-21,, ,Jakarta,Indonesia,Android,40
55504,Sarai,Horton,Sarai Horton,20-Jan-21,22-Jan-21,20-Jan-21,20-Jan-21,20-Jan-21, ,Jakarta,Indonesia,Android,31
56562,Sasha,Reed,Sasha Reed,26-Jan-21, ,26-Jan-21,26-Jan-21,27-Jan-21,27-Jan-21,Jakarta,Indonesia,Android,32
56106,Sasha,Pope,Sasha Pope,20-Jan-21,21-Jan-21,20-Jan-21,21-Jan-21,21-Jan-21, ,Jakarta,Indonesia,Android,38
56207,Sasha,Larsen,Sasha Larsen,20-Jan-21,10-Feb-21,27-Jan-21,10-Feb-21,10-Feb-21, ,Jakarta,Indonesia,IOS,36
56606,Savion,Huang,Savion Huang,30-Jan-21,11-Mar-21,30-Jan-21,03-Feb-21,03-Feb-21, ,Jakarta,Indonesia,Android,33
58694,Scott,Mclean,Scott Mclean,28-Jan-21, ,28-Jan-21,28-Jan-21,, ,Jakarta,Indonesia,Android,37
55482,Sebastian,Austin,Sebastian Austin,03-Jan-21, ,03-Jan-21,03-Jan-21,03-Jan-21,03-Jan-21,Jakarta,Indonesia,Android,31
59157,Shawn,Avila,Shawn Avila,11-Jan-21,16-Jan-21,11-Jan-21,15-Jan-21, , ,Jakarta,Indonesia,Android,32
58329,Sherlyn,Mack,Sherlyn Mack,26-Jan-21,26-Jan-21,26-Jan-21, , , ,Jakarta,Indonesia,Android,34
52110,Shyanne,Hobbs,Shyanne Hobbs,30-Jan-21,30-Jan-21,30-Jan-21,30-Jan-21, , ,Jakarta,Indonesia,Android,36
53849,Skye,Frederick,Skye Frederick,23-Jan-21,25-Jan-21,23-Jan-21,23-Jan-21, , ,Jakarta,Indonesia,Android,34
55629,Skyler,Monroe,Skyler Monroe,01-Jan-21, ,01-Jan-21,01-Jan-21,01-Jan-21,01-Jan-21,Jakarta,Indonesia,Android,38
55816,Sloane,Mueller,Sloane Mueller,19-Jan-21, ,19-Jan-21,19-Jan-21,19-Jan-21,24-Jan-21,Jakarta,Indonesia,Android,31
56497,Sophie,Contreras,Sophie Contreras,20-Jan-21, ,20-Jan-21,20-Jan-21,21-Jan-21,24-Jan-21,Jakarta,Indonesia,Android,35
51708,Sydney,Villanueva,Sydney Villanueva,02-Jan-21, ,02-Jan-21,02-Jan-21,02-Jan-21,03-Jan-21,Jakarta,Indonesia,IOS,32
53713,Sylvia,Blake,Sylvia Blake,16-Jan-21, ,16-Jan-21,16-Jan-21,16-Jan-21,28-Jan-21,Jakarta,Indonesia,Android,39
55419,Taliyah,Burns,Taliyah Burns,09-Jan-21,09-Jan-21,09-Jan-21,09-Jan-21,09-Jan-21, ,Jakarta,Indonesia,Android,38
55903,Tamara,Mullen,Tamara Mullen,03-Jan-21,19-Jan-21,03-Jan-21,04-Jan-21,04-Jan-21,04-Jan-21,Jakarta,Indonesia,Android,39
54625,Tamia,Conner,Tamia Conner,11-Jan-21,12-Jan-21,11-Jan-21,11-Jan-21,11-Jan-21, ,Jakarta,Indonesia,Android,33
53509,Taryn,Wilson,Taryn Wilson,01-Jan-21,02-Jan-21,01-Jan-21,01-Jan-21, , ,Jakarta,Indonesia,Android,40
57338,Teresa,Cochran,Teresa Cochran,20-Jan-21,20-Jan-21,20-Jan-21, , , ,Jakarta,Indonesia,Android,32
55540,Thaddeus,Krueger,Thaddeus Krueger,26-Jan-21,28-Jan-21,26-Jan-21,26-Jan-21,26-Jan-21, ,Jakarta,Indonesia,Android,37
55786,Thomas,Duffy,Thomas Duffy,30-Jan-21,01-Feb-21,30-Jan-21,31-Jan-21,31-Jan-21, ,Jakarta,Indonesia,Android,36
53162,Tiana,Vincent,Tiana Vincent,12-Jan-21, ,12-Jan-21,12-Jan-21,12-Jan-21,13-Jan-21,Jakarta,Indonesia,Android,36
53000,Tori,Clayton,Tori Clayton,29-Jan-21,11-Mar-21,29-Jan-21,30-Jan-21, , ,Jakarta,Indonesia,IOS,36
52024,Tristen,Proctor,Tristen Proctor,06-Jan-21, ,06-Jan-21,06-Jan-21,06-Jan-21,08-Jan-21,Jakarta,Indonesia,Android,39
51921,Tristen,Schultz,Tristen Schultz,20-Jan-21,20-Jan-21,20-Jan-21,20-Jan-21, , ,Jakarta,Indonesia,Android,39
58407,Tristian,Dennis,Tristian Dennis,18-Jan-21, ,18-Jan-21,18-Jan-21, , ,Jakarta,Indonesia,IOS,47
59251,Tucker,Mcdowell,Tucker Mcdowell,07-Jan-21, ,08-Jan-21,08-Jan-21,, ,Jakarta,Indonesia,Android,32
58603,Ty,Dougherty,Ty Dougherty,06-Jan-21, ,06-Jan-21,06-Jan-21,, ,Jakarta,Indonesia,Android,36
53182,Tyree,Hess,Tyree Hess,15-Jan-21,15-Jan-21,15-Jan-21,15-Jan-21, , ,Jakarta,Indonesia,Android,36
52767,Tyrone,Pitts,Tyrone Pitts,09-Jan-21,09-Jan-21,09-Jan-21,09-Jan-21, , ,Jakarta,Indonesia,Android,44
56406,Valerie,Coleman,Valerie Coleman,23-Jan-21,26-Jan-21,23-Jan-21,26-Jan-21,26-Jan-21, ,Jakarta,Indonesia,Android,49
51430,Vanessa,Ross,Vanessa Ross,14-Jan-21, ,14-Jan-21,14-Jan-21,14-Jan-21, ,Jakarta,Indonesia,Android,43
54973,Vincent,Shields,Vincent Shields,03-Jan-21, ,03-Jan-21,03-Jan-21,03-Jan-21,03-Jan-21,Jakarta,Indonesia,Android,44
59245,Vivian,Petty,Vivian Petty,25-Jan-21, ,26-Jan-21,26-Jan-21,, ,Jakarta,Indonesia,Android,45
51297,Wendy,Burton,Wendy Burton,12-Jan-21,12-Jan-21,12-Jan-21,12-Jan-21, , ,Jakarta,Indonesia,Android,41
59409,William,Duffy,William Duffy,25-Jan-21,17-Feb-21,25-Jan-21,28-Jan-21, , ,Jakarta,Indonesia,Android,47
55040,Yandel,Guerra,Yandel Guerra,22-Jan-21,23-Jan-21,22-Jan-21,22-Jan-21,22-Jan-21, ,Jakarta,Indonesia,Android,50
58793,Yusuf,Galloway,Yusuf Galloway,30-Jan-21,31-Jan-21,30-Jan-21, , , ,Jakarta,Indonesia,Android,49
58169,Zackary,Obrien,Zackary Obrien,22-Jan-21,22-Jan-21,22-Jan-21, , , ,Jakarta,Indonesia,Android,48
55928,Zain,Miller,Zain Miller,11-Jan-21,13-Jan-21,11-Jan-21,12-Jan-21,12-Jan-21, ,Jakarta,Indonesia,Android,62
52395,Zaria,Rose,Zaria Rose,13-Jan-21,13-Jan-21,13-Jan-21,13-Jan-21, , ,Jakarta,Indonesia,Android,65
52499,Zoey,Avery,Zoey Avery,12-Jan-21,12-Jan-21,12-Jan-21,12-Jan-21, , ,Jakarta,Indonesia,Android,58
42407,Abbigail Horn,Abbigail,Horn,04-Feb-21,11-Feb-21,04-Feb-21,04-Feb-21, , ,Surabaya,Indonesia,Android,35
46844,Addyson Mills,Addyson,Mills,25-Feb-21, ,25-Feb-21,25-Feb-21,25-Feb-21,26-Feb-21,Jakarta,Indonesia,Android,21
41658,Adelaide Wall,Adelaide,Wall,17-Feb-21,17-Feb-21,17-Feb-21, , , ,Jakarta,Indonesia,Android,29
43724,Adolfo Chambers,Adolfo,Chambers,05-Feb-21,05-Feb-21,05-Feb-21,05-Feb-21, , ,Surabaya,Indonesia,Android,26
45692,Alan Herrera,Alan,Herrera,03-Feb-21,03-Feb-21,03-Feb-21, , , ,Jakarta,Indonesia,Android,24
45216,Alanna Nolan,Alanna,Nolan,24-Feb-21,25-Feb-21,24-Feb-21,25-Feb-21, , ,Surabaya,Indonesia,Android,37
45487,Alena Patrick,Alena,Patrick,01-Feb-21,01-Feb-21,01-Feb-21, , , ,Jakarta,Indonesia,Android,30
42343,Alexandria Whitehead,Alexandria,Whitehead,28-Feb-21,15-Mar-21,28-Feb-21,28-Feb-21,28-Feb-21,01-Mar-21,Jakarta,Indonesia,Android,18
49341,Alexis Blake,Alexis,Blake,26-Feb-21, ,26-Feb-21,26-Feb-21,26-Feb-21,26-Feb-21,Surabaya,Indonesia,IOS,30
47715,Alexis Huynh,Alexis,Huynh,19-Feb-21,19-Feb-21,19-Feb-21,19-Feb-21, , ,Surabaya,Indonesia,Android,39
49280,Alfred Walters,Alfred,Walters,13-Feb-21,07-Apr-21,13-Feb-21,13-Feb-21,13-Feb-21, ,Jakarta,Indonesia,Android,22
46613,Alia Moore,Alia,Moore,04-Feb-21,12-Feb-21,04-Feb-21,04-Feb-21,04-Feb-21,05-Feb-21,Jakarta,Indonesia,Android,19
44796,Aliya Patterson,Aliya,Patterson,22-Feb-21,06-Mar-21,22-Feb-21,22-Feb-21,22-Feb-21,22-Feb-21,Jakarta,Indonesia,Android,22
49073,Aliya Schneider,Aliya,Schneider,01-Feb-21,01-Feb-21,01-Feb-21, , , ,Jakarta,Indonesia,Android,22
43902,Aliya Shields,Aliya,Shields,13-Feb-21,13-Feb-21,13-Feb-21, , , ,Bandar,Indonesia,Android,28
42504,Amiah Callahan,Amiah,Callahan,28-Feb-21,28-Feb-21,28-Feb-21,28-Feb-21, , ,Surabaya,Indonesia,Android,40
44205,Angela Stephens,Angela,Stephens,20-Feb-21,23-Feb-21,20-Feb-21,20-Feb-21,20-Feb-21,20-Feb-21,Jakarta,Indonesia,Android,21
46746,Angie Henderson,Angie,Henderson,01-Feb-21,08-Feb-21,03-Feb-21,06-Feb-21,06-Feb-21,06-Feb-21,Surabaya,Indonesia,IOS,27
49705,Anna Richmond,Anna,Richmond,12-Feb-21, ,12-Feb-21,12-Feb-21,12-Feb-21,12-Feb-21,Jakarta,Indonesia,Android,17
48627,Anne Casey,Anne,Casey,24-Feb-21,25-Feb-21,24-Feb-21,25-Feb-21, , ,Jember,Indonesia,Android,30
45048,Annika Yang,Annika,Yang,01-Feb-21, ,01-Feb-21,01-Feb-21,02-Feb-21,02-Feb-21,Jakarta,Indonesia,Android,21
48862,Arabella Lewis,Arabella,Lewis,22-Feb-21,22-Feb-21,22-Feb-21, , , ,Jakarta,Indonesia,Android,21
48595,Araceli Herrera,Araceli,Herrera,15-Feb-21,15-Feb-21,15-Feb-21, , , ,Bandar,Indonesia,Android,28
44509,Aria Graves,Aria,Graves,05-Feb-21, ,05-Feb-21,05-Feb-21,05-Feb-21, ,Jakarta,Indonesia,Android,18
46018,Armani Hardin,Armani,Hardin,01-Feb-21,01-Feb-21,01-Feb-21, , , ,Jakarta,Indonesia,Android,28
44084,Aubrie Torres,Aubrie,Torres,18-Feb-21,18-Feb-21,18-Feb-21, , , ,Jakarta,Indonesia,Android,27
44018,Averi Mack,Averi,Mack,03-Feb-21,03-Feb-21,03-Feb-21, , , ,Jakarta,Indonesia,Android,28
49923,Ayana Wu,Ayana,Wu,22-Feb-21, ,22-Feb-21,22-Feb-21,22-Feb-21, ,Jakarta,Indonesia,Android,22
42333,Barbara Morrow,Barbara,Morrow,09-Feb-21,09-Feb-21,09-Feb-21, , , ,Jakarta,Indonesia,Android,24
45738,Bernard Huber,Bernard,Huber,18-Feb-21, ,18-Feb-21,18-Feb-21,19-Feb-21, ,Banyuwangi,Indonesia,IOS,24
43137,Billy Charles,Billy,Charles,10-Feb-21,10-Feb-21,10-Feb-21, , , ,Jakarta,Indonesia,Android,25
49191,Bradley Mathews,Bradley,Mathews,28-Feb-21,01-Mar-21,28-Feb-21,28-Feb-21,28-Feb-21, ,Jakarta,Indonesia,Android,20
48144,Brenden Mckinney,Brenden,Mckinney,17-Feb-21, ,17-Feb-21,17-Feb-21,17-Feb-21,01-Mar-21,Jakarta,Indonesia,Android,21
42020,Bria Walton,Bria,Walton,01-Feb-21, ,01-Feb-21,01-Feb-21, , ,Surabaya,Indonesia,Android,65
46850,Brooklynn Obrien,Brooklynn,Obrien,20-Feb-21,21-Feb-21,20-Feb-21, , , ,Jakarta,Indonesia,Android,24
41817,Bruno Brewer,Bruno,Brewer,05-Feb-21,05-Feb-21,05-Feb-21,05-Feb-21, , ,Malang,Indonesia,Android,39
46705,Bryson Drake,Bryson,Drake,18-Feb-21,21-Feb-21,19-Feb-21,20-Feb-21, , ,Kediri,Indonesia,IOS,29
49060,Callie Rojas,Callie,Rojas,05-Feb-21,05-Feb-21,05-Feb-21,05-Feb-21, , ,Surabaya,Indonesia,Android,30
48777,Camille Stanley,Camille,Stanley,22-Feb-21, ,22-Feb-21,22-Feb-21, , ,Tulungagung,Indonesia,IOS,27
42997,Carlee Hunt,Carlee,Hunt,13-Feb-21,15-Feb-21,13-Feb-21,13-Feb-21, , ,Surabaya,Indonesia,Android,23
43245,Casey Andrews,Casey,Andrews,04-Feb-21,01-Mar-21,04-Feb-21,07-Feb-21,07-Feb-21, ,Jakarta,Indonesia,Android,20
49092,Casey Holden,Casey,Holden,07-Feb-21,07-Feb-21,07-Feb-21,07-Feb-21, , ,Surabaya,Indonesia,Android,36
49178,Chanel Kerr,Chanel,Kerr,28-Feb-21,27-Mar-21,28-Feb-21,28-Feb-21,28-Feb-21, ,Jakarta,Indonesia,Android,22
44060,Charles Pham,Charles,Pham,08-Feb-21,09-Feb-21,08-Feb-21,09-Feb-21, , ,Surabaya,Indonesia,Android,28
46684,Chaya Harrington,Chaya,Harrington,07-Feb-21,08-Feb-21,08-Feb-21,08-Feb-21, , ,Surabaya,Indonesia,Android,33
49908,Chaz Price,Chaz,Price,09-Feb-21,09-Feb-21,09-Feb-21,09-Feb-21, , ,Surabaya,Indonesia,Android,27
41715,Cheyanne Francis,Cheyanne,Francis,19-Feb-21,20-Feb-21,19-Feb-21, , , ,Jakarta,Indonesia,Android,24
46301,Claire Figueroa,Claire,Figueroa,25-Feb-21,25-Feb-21,25-Feb-21, , , ,Jakarta,Indonesia,Android,17
47971,Coby Calhoun,Coby,Calhoun,08-Feb-21,12-Mar-21,08-Feb-21,08-Feb-21, , ,Surabaya,Indonesia,Android,37
43089,Colby Reese,Colby,Reese,12-Feb-21,13-Feb-21,12-Feb-21, , , ,Surabaya,Indonesia,IOS,19
47789,Colten Montoya,Colten,Montoya,21-Feb-21,21-Feb-21,21-Feb-21, , , ,Jakarta,Indonesia,Android,30
49909,Cooper Stone,Cooper,Stone,26-Feb-21,26-Feb-21,26-Feb-21,26-Feb-21, , ,Surabaya,Indonesia,Android,28
41296,Cornelius Howe,Cornelius,Howe,01-Feb-21,02-Feb-21,01-Feb-21,01-Feb-21, , ,Surabaya,Indonesia,Android,30
45396,Craig Hernandez,Craig,Hernandez,11-Feb-21,14-Feb-21,11-Feb-21,11-Feb-21,11-Feb-21,12-Feb-21,Surabaya,Indonesia,IOS,26
49407,Dahlia Camacho,Dahlia,Camacho,04-Feb-21,05-Feb-21,04-Feb-21, , , ,Jakarta,Indonesia,Android,24
43379,Damion Horton,Damion,Horton,12-Feb-21,12-Feb-21,12-Feb-21, , , ,Jakarta,Indonesia,Android,23
46576,Darion Ochoa,Darion,Ochoa,14-Feb-21,14-Feb-21,14-Feb-21,14-Feb-21, , ,Surabaya,Indonesia,Android,25
42589,Darrell Holder,Darrell,Holder,27-Feb-21,01-Mar-21,27-Feb-21, , , ,Jakarta,Indonesia,Android,26
41432,Darwin Sloan,Darwin,Sloan,01-Feb-21,01-Feb-21,01-Feb-21, , , ,Jakarta,Indonesia,Android,24
45140,Davon Mcbride,Davon,Mcbride,25-Feb-21,25-Feb-21,25-Feb-21,25-Feb-21, , ,Surabaya,Indonesia,Android,38
44180,Dayton Flores,Dayton,Flores,14-Feb-21,15-Feb-21,14-Feb-21, , , ,Jakarta,Indonesia,Android,30
47543,Dayton Ho,Dayton,Ho,23-Feb-21, ,23-Feb-21,23-Feb-21,23-Feb-21, ,Jakarta,Indonesia,Android,21
48746,Deja Rojas,Deja,Rojas,14-Feb-21,05-Apr-21,05-Apr-21,05-Apr-21, , ,Surabaya,Indonesia,Android,39
46050,Demetrius Chambers,Demetrius,Chambers,26-Feb-21,26-Feb-21,26-Feb-21, , , ,Jakarta,Indonesia,Android,23
44491,Efrain Allison,Efrain,Allison,20-Feb-21,20-Feb-21,20-Feb-21, , , ,Jakarta,Indonesia,Android,25
45135,Elianna Short,Elianna,Short,17-Feb-21,18-Feb-21,17-Feb-21, , , ,Jakarta,Indonesia,Android,27
48063,Elisabeth Clay,Elisabeth,Clay,07-Feb-21,08-Feb-21,08-Feb-21,08-Feb-21, , ,Malang,Indonesia,Android,29
48937,Elisha Scott,Elisha,Scott,01-Feb-21, ,01-Feb-21,01-Feb-21, , ,Surabaya,Indonesia,Android,47
41209,Elsa Park,Elsa,Park,18-Feb-21,18-Feb-21,18-Feb-21, , , ,Jakarta,Indonesia,Android,24
45367,Emery Pitts,Emery,Pitts,04-Feb-21,04-Feb-21,04-Feb-21,04-Feb-21, , ,Surabaya,Indonesia,Android,40
43262,Emilia Keller,Emilia,Keller,27-Feb-21,28-Feb-21,27-Feb-21,27-Feb-21,27-Feb-21, ,Jakarta,Indonesia,Android,22
48218,Eric Tran,Eric,Tran,20-Feb-21,23-Feb-21,20-Feb-21,20-Feb-21,20-Feb-21,20-Feb-21,Jakarta,Indonesia,Android,18
43015,Erika Abbott,Erika,Abbott,23-Feb-21,28-Mar-21,23-Feb-21,26-Feb-21,26-Feb-21,26-Feb-21,Jakarta,Indonesia,Android,17
44456,Essence Casey,Essence,Casey,13-Feb-21, ,13-Feb-21,13-Feb-21,14-Feb-21, ,Surabaya,Indonesia,IOS,32
44360,Eugene Bautista,Eugene,Bautista,10-Feb-21,10-Feb-21,10-Feb-21, , , ,Bandar,Indonesia,Android,29
48812,Faith Wolf,Faith,Wolf,17-Feb-21,17-Feb-21,17-Feb-21, , , ,Jakarta,Indonesia,Android,25
48177,Fernando Murphy,Fernando,Murphy,06-Feb-21, ,06-Feb-21,06-Feb-21, , ,Surabaya,Indonesia,Android,50
44556,Francis Cherry,Francis,Cherry,26-Feb-21,26-Feb-21,26-Feb-21,26-Feb-21, , ,Surabaya,Indonesia,Android,37
43708,Francis Johns,Francis,Johns,08-Feb-21,08-Feb-21,08-Feb-21,08-Feb-21, , ,Surabaya,Indonesia,Android,26
44434,Francisco Hanson,Francisco,Hanson,12-Feb-21, ,12-Feb-21,12-Feb-21,12-Feb-21, ,Jakarta,Indonesia,Android,19
43590,Gabriella Mccarthy,Gabriella,Mccarthy,07-Feb-21,08-Feb-21,07-Feb-21, , , ,Jakarta,Indonesia,Android,28
47565,Gemma Benitez,Gemma,Benitez,05-Feb-21, ,05-Feb-21,05-Feb-21,05-Feb-21,06-Feb-21,Jakarta,Indonesia,Android,22
45480,Gerald Braun,Gerald,Braun,16-Feb-21,21-Feb-21,16-Feb-21,19-Feb-21,19-Feb-21,19-Feb-21,Jakarta,Indonesia,Android,19
49405,Gianni Mercado,Gianni,Mercado,12-Feb-21,12-Feb-21,12-Feb-21, , , ,Jakarta,Indonesia,Android,23
41634,Gideon Morgan,Gideon,Morgan,18-Feb-21,20-Feb-21,18-Feb-21,18-Feb-21, , ,Sidoarjo,Indonesia,IOS,21
43910,Gina Rivers,Gina,Rivers,21-Feb-21,21-Feb-21,21-Feb-21, , , ,Bandar,Indonesia,Android,28
45823,Giovanni Carrillo,Giovanni,Carrillo,02-Feb-21, ,02-Feb-21,02-Feb-21,02-Feb-21, ,Jakarta,Indonesia,Android,22
44434,Gloria Massey,Gloria,Massey,07-Feb-21,08-Feb-21,07-Feb-21,07-Feb-21, , ,Sidoarjo,Indonesia,Android,27
44957,Gordon Martinez,Gordon,Martinez,12-Feb-21,12-Feb-21,12-Feb-21, , , ,Jakarta,Indonesia,Android,29
45432,Greyson Kelley,Greyson,Kelley,25-Feb-21,25-Feb-21,25-Feb-21, , , ,Jakarta,Indonesia,Android,21
42440,Hadassah Benton,Hadassah,Benton,04-Feb-21,05-Feb-21,04-Feb-21, , , ,Jakarta,Indonesia,Android,30
48862,Hana Jacobs,Hana,Jacobs,27-Feb-21,27-Feb-21,27-Feb-21, , , ,Jakarta,Indonesia,Android,22
43513,Harley Hansen,Harley,Hansen,10-Feb-21,17-Feb-21,17-Feb-21, , , ,Jakarta,Indonesia,Android,26
46930,Harold Rogers,Harold,Rogers,01-Feb-21,03-Feb-21,01-Feb-21, , , ,Jakarta,Indonesia,Android,24
42847,Holden Morris,Holden,Morris,24-Feb-21, ,24-Feb-21,24-Feb-21,24-Feb-21,24-Feb-21,Jakarta,Indonesia,Android,17
47246,Howard Boone,Howard,Boone,04-Feb-21,06-Feb-21,04-Feb-21,05-Feb-21, , ,Surabaya,Indonesia,Android,32
48560,Hunter Holder,Hunter,Holder,02-Feb-21,15-Mar-21,02-Feb-21,02-Feb-21,02-Feb-21,03-Feb-21,Jakarta,Indonesia,Android,17
48381,Iliana Flores,Iliana,Flores,24-Feb-21,02-Mar-21,24-Feb-21,24-Feb-21,24-Feb-21, ,Jakarta,Indonesia,Android,19
41992,Immanuel Richard,Immanuel,Richard,14-Feb-21, ,14-Feb-21,14-Feb-21,14-Feb-21, ,Jakarta,Indonesia,Android,22
49783,Immanuel Townsend,Immanuel,Townsend,12-Feb-21, ,26-Feb-21,03-Mar-21, , ,Surabaya,Indonesia,IOS,45
44394,Isiah Strickland,Isiah,Strickland,27-Feb-21,27-Feb-21,27-Feb-21, , , ,Jakarta,Indonesia,Android,30
49772,Iyana Wiggins,Iyana,Wiggins,24-Feb-21, ,24-Feb-21,24-Feb-21, , ,Surabaya,Indonesia,Android,65
41676,Izayah Harvey,Izayah,Harvey,15-Feb-21,16-Feb-21,15-Feb-21, , , ,Jakarta,Indonesia,Android,23
48246,Jace Strong,Jace,Strong,18-Feb-21,18-Feb-21,18-Feb-21, , , ,Jakarta,Indonesia,Android,29
49658,Jacey Dominguez,Jacey,Dominguez,02-Feb-21,05-Feb-21,02-Feb-21,02-Feb-21,02-Feb-21, ,Jakarta,Indonesia,Android,18
45911,Jackson Howard,Jackson,Howard,15-Feb-21,18-Feb-21,15-Feb-21,15-Feb-21,15-Feb-21, ,Jakarta,Indonesia,Android,17
47600,Jaden Mathews,Jaden,Mathews,09-Feb-21,09-Feb-21,09-Feb-21, , , ,Jakarta,Indonesia,Android,26
44551,Jagger Mitchell,Jagger,Mitchell,01-Feb-21,02-Feb-21,01-Feb-21, , , ,Jakarta,Indonesia,Android,27
44204,Jaidyn Hodges,Jaidyn,Hodges,17-Feb-21,17-Feb-21,17-Feb-21, , , ,Bandar,Indonesia,Android,26
41185,Jaidyn Small,Jaidyn,Small,13-Feb-21,13-Feb-21,13-Feb-21, , , ,Bandar,Indonesia,Android,29
43400,Jamari Hubbard,Jamari,Hubbard,26-Feb-21,27-Feb-21,26-Feb-21,26-Feb-21,26-Feb-21,26-Feb-21,Jakarta,Indonesia,Android,17
49786,Jamari Shannon,Jamari,Shannon,28-Feb-21,28-Feb-21,28-Feb-21, , , ,Jakarta,Indonesia,Android,18
44422,Jamir Wyatt,Jamir,Wyatt,07-Feb-21,07-Feb-21,07-Feb-21,07-Feb-21, , ,Surabaya,Indonesia,Android,35
49651,Janae Berger,Janae,Berger,05-Feb-21,05-Feb-21,05-Feb-21, , , ,Malang,Indonesia,IOS,22
44038,Janessa Navarro,Janessa,Navarro,01-Feb-21,02-Feb-21,01-Feb-21,01-Feb-21, , ,Surabaya,Indonesia,Android,23
49735,Jaquan Campos,Jaquan,Campos,23-Feb-21,27-Feb-21,27-Feb-21, , , ,Jakarta,Indonesia,Android,18
44368,Jaquan Wood,Jaquan,Wood,15-Feb-21,15-Feb-21,15-Feb-21, , , ,Jakarta,Indonesia,Android,24
48129,Jason Foley,Jason,Foley,07-Feb-21,08-Feb-21,07-Feb-21,07-Feb-21, , ,Surabaya,Indonesia,Android,33
41546,Javon Roy,Javon,Roy,19-Feb-21,19-Feb-21,19-Feb-21, , , ,Bandar,Indonesia,Android,30
43191,Jay Dawson,Jay,Dawson,22-Feb-21,22-Mar-21,22-Feb-21,25-Feb-21,25-Feb-21,25-Feb-21,Jakarta,Indonesia,Android,17
41909,Jaydan Garner,Jaydan,Garner,13-Feb-21,13-Feb-21,13-Feb-21, , , ,Jakarta,Indonesia,Android,25
41238,Jaylee Rogers,Jaylee,Rogers,07-Feb-21, ,07-Feb-21,07-Feb-21,07-Feb-21,07-Feb-21,Jakarta,Indonesia,Android,17
44012,Jaylen Durham,Jaylen,Durham,06-Feb-21, ,06-Feb-21,06-Feb-21,06-Feb-21, ,Jakarta,Indonesia,Android,20
43913,Jaylyn Kaufman,Jaylyn,Kaufman,14-Feb-21, ,14-Feb-21,14-Feb-21, , ,Surabaya,Indonesia,IOS,24
49765,Jazmine Villarreal,Jazmine,Villarreal,06-Feb-21,06-Feb-21,06-Feb-21, , , ,Bandar,Indonesia,Android,28
41529,Jensen Velez,Jensen,Velez,11-Feb-21, ,11-Feb-21,11-Feb-21,11-Feb-21,12-Feb-21,Jakarta,Indonesia,Android,17
48395,Jeremiah Salinas,Jeremiah,Salinas,05-Feb-21,05-Feb-21,05-Feb-21, , , ,Jakarta,Indonesia,Android,22
48399,Jesse Moss,Jesse,Moss,16-Feb-21,16-Feb-21,16-Feb-21, , , ,Jakarta,Indonesia,Android,27
43682,Jesus Schaefer,Jesus,Schaefer,02-Feb-21, ,02-Feb-21,02-Feb-21,02-Feb-21,03-Feb-21,Jakarta,Indonesia,Android,18
43626,John Bowen,John,Bowen,08-Feb-21, ,08-Feb-21,08-Feb-21,08-Feb-21,09-Feb-21,Jakarta,Indonesia,Android,18
46313,John Espinoza,John,Espinoza,22-Feb-21, ,22-Feb-21,22-Feb-21,22-Feb-21, ,Jakarta,Indonesia,Android,21
46815,Johnathan Cannon,Johnathan,Cannon,06-Feb-21,06-Feb-21,06-Feb-21,06-Feb-21, , ,Surabaya,Indonesia,IOS,25
42894,Jovan Sims,Jovan,Sims,12-Feb-21,19-Feb-21,12-Feb-21, , , ,Jakarta,Indonesia,Android,28
43460,Jovanni Ware,Jovanni,Ware,02-Feb-21,07-Feb-21,02-Feb-21,05-Feb-21,05-Feb-21,05-Feb-21,Jakarta,Indonesia,Android,17
49578,Jude Walker,Jude,Walker,10-Feb-21,10-Feb-21,10-Feb-21,10-Feb-21, , ,Surabaya,Indonesia,Android,23
43534,Julian Duke,Julian,Duke,18-Feb-21,18-Feb-21,18-Feb-21,18-Feb-21, , ,Surabaya,Indonesia,Android,23
43178,Julie Brennan,Julie,Brennan,19-Feb-21,21-Feb-21,19-Feb-21, , , ,Jakarta,Indonesia,Android,24
49488,Julius Bartlett,Julius,Bartlett,17-Feb-21,17-Feb-21,17-Feb-21, , , ,Jakarta,Indonesia,Android,25
44054,Kadence Ashley,Kadence,Ashley,26-Feb-21,26-Feb-21,26-Feb-21, , , ,Jakarta,Indonesia,Android,29
49402,Kadyn Curry,Kadyn,Curry,19-Feb-21, ,19-Feb-21,19-Feb-21, , ,Surabaya,Indonesia,IOS,36
48073,Kaia Meyer,Kaia,Meyer,01-Feb-21,01-Feb-21,01-Feb-21,01-Feb-21, , ,Surabaya,Indonesia,IOS,21
42333,Kaitlyn Hunt,Kaitlyn,Hunt,05-Feb-21,06-Feb-21,06-Feb-21, , , ,Jakarta,Indonesia,Android,28
42124,Kaitlynn Church,Kaitlynn,Church,06-Feb-21,07-Feb-21,06-Feb-21,06-Feb-21, , ,Surabaya,Indonesia,Android,34
43132,Kamila Keith,Kamila,Keith,11-Feb-21,12-Feb-21,12-Feb-21,12-Feb-21, , ,Surabaya,Indonesia,Android,40
46944,Karsyn Humphrey,Karsyn,Humphrey,21-Feb-21,21-Feb-21,21-Feb-21,21-Feb-21, , ,Surabaya,Indonesia,Android,26
47035,Kasey Estrada,Kasey,Estrada,21-Feb-21, ,21-Feb-21,22-Feb-21, , ,Surabaya,Indonesia,Android,48
48509,Kash Powell,Kash,Powell,03-Feb-21,03-Feb-21,03-Feb-21, , , ,Bandar,Indonesia,Android,29
44262,Katelyn Mcintosh,Katelyn,Mcintosh,09-Feb-21,09-Feb-21,09-Feb-21, , , ,Jakarta,Indonesia,Android,24
48165,Kaylin Jordan,Kaylin,Jordan,28-Feb-21,28-Feb-21,28-Feb-21, , , ,Jakarta,Indonesia,Android,23
42873,Kaylynn Hooper,Kaylynn,Hooper,28-Feb-21,13-Mar-21,28-Feb-21,28-Feb-21,28-Feb-21, ,Jakarta,Indonesia,Android,22
43222,Kelly Kemp,Kelly,Kemp,04-Feb-21,05-Feb-21,04-Feb-21, , , ,Jakarta,Indonesia,Android,24
41477,Kelton Wallace,Kelton,Wallace,28-Feb-21,28-Feb-21,28-Feb-21, , , ,Jakarta,Indonesia,Android,28
45409,Kenna Orr,Kenna,Orr,04-Feb-21,04-Feb-21,04-Feb-21, , , ,Jakarta,Indonesia,Android,23
43992,Keyon Luna,Keyon,Luna,09-Feb-21,09-Feb-21,09-Feb-21, , , ,Jakarta,Indonesia,Android,22
47951,Keyon Padilla,Keyon,Padilla,23-Feb-21,28-Feb-21,23-Feb-21,26-Feb-21,26-Feb-21,26-Feb-21,Jakarta,Indonesia,Android,19
43131,Kieran Ware,Kieran,Ware,21-Feb-21,21-Feb-21,21-Feb-21,21-Feb-21, , ,Surabaya,Indonesia,Android,26
48903,Kinley Mcclain,Kinley,Mcclain,24-Feb-21,30-Mar-21,24-Feb-21,24-Feb-21,24-Feb-21, ,Jakarta,Indonesia,Android,20
43886,Kinsley Salazar,Kinsley,Salazar,14-Feb-21,14-Feb-21,14-Feb-21, , , ,Bandar,Indonesia,Android,25
47896,Kira Barker,Kira,Barker,10-Feb-21,10-Feb-21,10-Feb-21, , , ,Jakarta,Indonesia,Android,17
43421,Konnor Bonilla,Konnor,Bonilla,13-Feb-21,24-Feb-21,13-Feb-21,17-Feb-21,17-Feb-21,18-Feb-21,Jakarta,Indonesia,Android,21
47345,Kylan David,Kylan,David,21-Feb-21, ,21-Feb-21,21-Feb-21,21-Feb-21,21-Feb-21,Surabaya,Indonesia,IOS,32
46202,Lailah Rasmussen,Lailah,Rasmussen,14-Feb-21,15-Feb-21,14-Feb-21,14-Feb-21, , ,Malang,Indonesia,Android,35
46232,Lailah Rose,Lailah,Rose,12-Feb-21,17-Feb-21,12-Feb-21,12-Feb-21, , ,Surabaya,Indonesia,Android,36
43829,Lamar Lane,Lamar,Lane,27-Feb-21, ,27-Feb-21,27-Feb-21, , ,Surabaya,Indonesia,Android,41
46606,Landen Stafford,Landen,Stafford,13-Feb-21,24-Feb-21,13-Feb-21,13-Feb-21,13-Feb-21, ,Jakarta,Indonesia,Android,21
43449,Landyn Johnson,Landyn,Johnson,08-Feb-21,09-Feb-21,08-Feb-21, , , ,Jakarta,Indonesia,Android,24
47611,Larissa Barrett,Larissa,Barrett,18-Feb-21,18-Feb-21,18-Feb-21, , , ,Palembang,Indonesia,Android,25
41415,Leandro Nguyen,Leandro,Nguyen,22-Feb-21,25-Feb-21,22-Feb-21,23-Feb-21, , ,Surabaya,Indonesia,Android,28
42911,Leanna Mahoney,Leanna,Mahoney,26-Feb-21, ,26-Feb-21,26-Feb-21,26-Feb-21, ,Jakarta,Indonesia,Android,21
44002,Lena Ali,Lena,Ali,06-Feb-21, ,06-Feb-21,06-Feb-21,07-Feb-21,10-Feb-21,Jakarta,Indonesia,Android,21
47953,Leon Powers,Leon,Powers,01-Feb-21,01-Feb-21,01-Feb-21,01-Feb-21, , ,Surabaya,Indonesia,Android,38
44844,Leticia Lowe,Leticia,Lowe,01-Feb-21, ,02-Feb-21,02-Feb-21,02-Feb-21, ,Jakarta,Indonesia,Android,19
43423,Lexie Jefferson,Lexie,Jefferson,03-Feb-21,04-Feb-21,03-Feb-21, , , ,Surabaya,Indonesia,IOS,18
44986,Lillian Knight,Lillian,Knight,27-Feb-21, ,29-Mar-21,29-Mar-21,29-Mar-21, ,Jakarta,Indonesia,Android,21
49412,Lola Mcmahon,Lola,Mcmahon,13-Feb-21, ,13-Feb-21,13-Feb-21,13-Feb-21, ,Jakarta,Indonesia,Android,19
41342,Louis Shields,Louis,Shields,15-Feb-21,15-Feb-21,15-Feb-21, , , ,Jakarta,Indonesia,Android,28
48308,Luka Barry,Luka,Barry,23-Feb-21,23-Feb-21,23-Feb-21,23-Feb-21, , ,Surabaya,Indonesia,Android,39
44679,Madden Atkinson,Madden,Atkinson,26-Feb-21, ,26-Feb-21,26-Feb-21,26-Feb-21, ,Jakarta,Indonesia,Android,17
42212,Margaret Tanner,Margaret,Tanner,08-Feb-21,08-Feb-21,08-Feb-21, , , ,Jakarta,Indonesia,Android,25
47392,Mariana Foley,Mariana,Foley,14-Feb-21,19-Feb-21,14-Feb-21, , , ,Jakarta,Indonesia,Android,23
44015,Martin Carney,Martin,Carney,10-Feb-21, ,10-Feb-21,10-Feb-21, , ,Surabaya,Indonesia,Android,57
48800,Matilda Booth,Matilda,Booth,09-Feb-21,09-Feb-21,09-Feb-21, , , ,Jakarta,Indonesia,Android,30
46541,Matthew Davidson,Matthew,Davidson,09-Feb-21,18-Feb-21,09-Feb-21,10-Feb-21,10-Feb-21, ,Malang,Indonesia,IOS,28
45609,Mckinley Clark,Mckinley,Clark,15-Feb-21,19-Feb-21,15-Feb-21,15-Feb-21, , ,Surabaya,Indonesia,Android,40
48040,Melody Collier,Melody,Collier,15-Feb-21,15-Feb-21,15-Feb-21,15-Feb-21, , ,Surabaya,Indonesia,Android,26
49498,Mercedes Hebert,Mercedes,Hebert,05-Feb-21,08-Feb-21,05-Feb-21,05-Feb-21,05-Feb-21,05-Feb-21,Jakarta,Indonesia,Android,21
46459,Mia Morton,Mia,Morton,28-Feb-21,06-Mar-21,28-Feb-21,01-Mar-21, , ,Surabaya,Indonesia,Android,34
42238,Micah Berger,Micah,Berger,10-Feb-21,11-Feb-21,10-Feb-21,11-Feb-21, , ,Surabaya,Indonesia,Android,33
49409,Mikaela Patrick,Mikaela,Patrick,22-Feb-21,22-Feb-21,22-Feb-21, , , ,Jakarta,Indonesia,Android,19
46625,Mikayla Rush,Mikayla,Rush,17-Feb-21,21-Feb-21,17-Feb-21, , , ,Jakarta,Indonesia,Android,23
45814,Miley Bennett,Miley,Bennett,14-Feb-21,23-Feb-21,14-Feb-21,20-Feb-21,20-Feb-21,20-Feb-21,Jakarta,Indonesia,Android,17
46554,Moises Ayers,Moises,Ayers,10-Feb-21,14-Apr-21,11-Apr-21, , , ,Jakarta,Indonesia,Android,23
48772,Monica Hoover,Monica,Hoover,01-Feb-21,02-Feb-21,01-Feb-21, , , ,Jakarta,Indonesia,Android,26
47313,Moses Chavez,Moses,Chavez,10-Feb-21,28-Feb-21,10-Feb-21,10-Feb-21,10-Feb-21, ,Jakarta,Indonesia,Android,18
48434,Myles Calhoun,Myles,Calhoun,05-Feb-21,07-Feb-21,05-Feb-21,05-Feb-21,05-Feb-21, ,Jakarta,Indonesia,Android,22
44818,Mylie Parsons,Mylie,Parsons,13-Feb-21,16-Feb-21,13-Feb-21,16-Feb-21,16-Feb-21, ,Jakarta,Indonesia,Android,21
49874,Nash Stout,Nash,Stout,21-Feb-21,21-Feb-21,21-Feb-21,21-Feb-21, , ,Wonogiri,Indonesia,Android,36
46769,Nathen Bonilla,Nathen,Bonilla,05-Feb-21,09-Feb-21,05-Feb-21,05-Feb-21,05-Feb-21, ,Jakarta,Indonesia,Android,22
44215,Noe Barrera,Noe,Barrera,09-Feb-21,09-Feb-21,09-Feb-21, , , ,Jakarta,Indonesia,Android,27
46696,Oscar Bridges,Oscar,Bridges,08-Feb-21,08-Feb-21,08-Feb-21,08-Feb-21, , ,Surabaya,Indonesia,IOS,18
42429,Owen Sanders,Owen,Sanders,26-Feb-21,26-Feb-21,26-Feb-21,26-Feb-21, , ,Surabaya,Indonesia,Android,32
47082,Paige Mcclure,Paige,Mcclure,12-Feb-21,13-Feb-21,12-Feb-21,13-Feb-21, , ,Surabaya,Indonesia,Android,39
41221,Paloma Brady,Paloma,Brady,14-Feb-21,07-Mar-21,14-Feb-21,14-Feb-21,14-Feb-21, ,Jakarta,Indonesia,Android,17
42847,Parker Schultz,Parker,Schultz,04-Feb-21,07-Feb-21,04-Feb-21,04-Feb-21, , ,Surabaya,Indonesia,Android,40
42497,Pedro Sheppard,Pedro,Sheppard,11-Feb-21,11-Feb-21,11-Feb-21, , , ,Jakarta,Indonesia,Android,30
46529,Peter Krueger,Peter,Krueger,03-Feb-21,04-Feb-21,03-Feb-21,03-Feb-21, , ,Surabaya,Indonesia,Android,24
47386,Pierre Ferrell,Pierre,Ferrell,23-Feb-21,23-Feb-21,23-Feb-21,23-Feb-21, , ,Surabaya,Indonesia,Android,31
41473,Pranav Owen,Pranav,Owen,05-Feb-21,05-Feb-21,05-Feb-21, , , ,Jakarta,Indonesia,Android,23
48793,Presley Jennings,Presley,Jennings,04-Feb-21,04-Feb-21,04-Feb-21, , , ,Bandar,Indonesia,Android,28
42457,Preston Bradley,Preston,Bradley,04-Feb-21,06-Mar-21,04-Feb-21,04-Feb-21,04-Feb-21, ,Jakarta,Indonesia,Android,18
48690,Priscilla Dudley,Priscilla,Dudley,12-Feb-21,12-Feb-21,12-Feb-21,12-Feb-21, , ,Malang,Indonesia,Android,23
43764,Rachel Robertson,Rachel,Robertson,19-Feb-21, ,19-Feb-21,19-Feb-21, , ,Surabaya,Indonesia,Android,59
42426,Ramon Knox,Ramon,Knox,09-Feb-21,09-Feb-21,09-Feb-21, , , ,Jakarta,Indonesia,Android,25
41205,Randy Warner,Randy,Warner,09-Feb-21,24-Feb-21,09-Feb-21,09-Feb-21,09-Feb-21, ,Jakarta,Indonesia,Android,22
41559,Rene Johnston,Rene,Johnston,13-Feb-21, ,13-Feb-21,13-Feb-21, , ,Surabaya,Indonesia,Android,43
49644,Rex Ramos,Rex,Ramos,04-Feb-21,26-Mar-21,04-Feb-21,04-Feb-21,04-Feb-21,04-Feb-21,Jakarta,Indonesia,Android,18
44303,Rhianna Mueller,Rhianna,Mueller,14-Feb-21,15-Feb-21,14-Feb-21,15-Feb-21, , ,Surabaya,Indonesia,Android,33
41835,Rhianna Summers,Rhianna,Summers,25-Feb-21,05-Mar-21,25-Feb-21,25-Feb-21, , ,Surabaya,Indonesia,Android,31
44140,Richard Gonzalez,Richard,Gonzalez,03-Feb-21,03-Feb-21,03-Feb-21, , , ,Jakarta,Indonesia,Android,26
42445,River Bernard,River,Bernard,28-Feb-21,01-Mar-21,28-Feb-21, , , ,Jakarta,Indonesia,Android,27
46979,River Chapman,River,Chapman,27-Feb-21,02-Mar-21,27-Feb-21,27-Feb-21, , ,Surabaya,Indonesia,Android,38
45160,Rodrigo Tapia,Rodrigo,Tapia,10-Feb-21,10-Feb-21,10-Feb-21, , , ,Jakarta,Indonesia,Android,18
46260,Ronald Hall,Ronald,Hall,05-Feb-21,05-Feb-21,05-Feb-21, , , ,Jakarta,Indonesia,Android,26
41502,Rory Scott,Rory,Scott,22-Feb-21,01-Mar-21,22-Feb-21,26-Feb-21,26-Feb-21,27-Feb-21,Jakarta,Indonesia,Android,21
48539,Rylee Yang,Rylee,Yang,16-Feb-21,16-Feb-21,16-Feb-21, , , ,Jakarta,Indonesia,Android,23
46058,Samuel Macias,Samuel,Macias,08-Feb-21,08-Feb-21,08-Feb-21, , , ,Surabaya,Indonesia,IOS,22
46341,Savanah Munoz,Savanah,Munoz,23-Feb-21,23-Feb-21,23-Feb-21, , , ,Jakarta,Indonesia,Android,23
48483,Seamus Humphrey,Seamus,Humphrey,01-Feb-21,01-Feb-21,01-Feb-21, , , ,Jakarta,Indonesia,Android,29
42196,Serena Moss,Serena,Moss,03-Feb-21,03-Feb-21,03-Feb-21, , , ,Jakarta,Indonesia,Android,25
49014,Sharon Banks,Sharon,Banks,14-Feb-21,14-Feb-21,14-Feb-21,14-Feb-21, , ,Surabaya,Indonesia,Android,31
44002,Shiloh Shannon,Shiloh,Shannon,14-Feb-21,14-Feb-21,14-Feb-21,14-Feb-21, , ,Blitar,Indonesia,Android,34
49283,Sidney Mckenzie,Sidney,Mckenzie,04-Feb-21, ,04-Feb-21,04-Feb-21,04-Feb-21, ,Jakarta,Indonesia,Android,22
46034,Simone Huber,Simone,Huber,26-Feb-21,26-Feb-21,26-Feb-21, , , ,Jakarta,Indonesia,Android,29
43932,Skyla Frazier,Skyla,Frazier,03-Feb-21, ,03-Feb-21,03-Feb-21,03-Feb-21,04-Feb-21,Jakarta,Indonesia,Android,19
41862,Skyler Proctor,Skyler,Proctor,27-Feb-21,27-Feb-21,27-Feb-21, , , ,Jakarta,Indonesia,Android,20
48051,Sloane Pruitt,Sloane,Pruitt,10-Feb-21, ,10-Feb-21,10-Feb-21,11-Feb-21,14-Feb-21,Jakarta,Indonesia,Android,17
47733,Sophia Torres,Sophia,Torres,16-Feb-21,16-Feb-21,16-Feb-21,16-Feb-21, , ,Surabaya,Indonesia,Android,25
44666,Stephany Guzman,Stephany,Guzman,03-Feb-21,09-Feb-21,03-Feb-21, , , ,Jakarta,Indonesia,Android,24
42869,Steve Howell,Steve,Howell,06-Feb-21,09-Feb-21,06-Feb-21, , , ,Jakarta,Indonesia,Android,28
49893,Sullivan Guerra,Sullivan,Guerra,04-Feb-21, ,04-Feb-21,04-Feb-21,04-Feb-21, ,Surabaya,Indonesia,IOS,23
42905,Sydnee Saunders,Sydnee,Saunders,22-Feb-21,23-Feb-21,22-Feb-21,22-Feb-21, , ,Surabaya,Indonesia,Android,30
47997,Taniyah Evans,Taniyah,Evans,27-Feb-21,27-Feb-21,27-Feb-21, , , ,Jakarta,Indonesia,Android,24
43655,Terrence Reed,Terrence,Reed,22-Feb-21, ,22-Feb-21,22-Feb-21, , ,Sidoarjo,Indonesia,Android,50
48927,Tiana Barton,Tiana,Barton,25-Feb-21, ,25-Feb-21,26-Feb-21, , ,Surabaya,Indonesia,Android,50
42742,Travis Flowers,Travis,Flowers,03-Feb-21,03-Feb-21,03-Feb-21,  , , ,Surabaya,Indonesia,IOS,30
46543,Trent Mack,Trent,Mack,06-Feb-21, ,06-Feb-21,06-Feb-21,06-Feb-21,09-Feb-21,Jakarta,Indonesia,Android,22
42808,Tristian Cooper,Tristian,Cooper,03-Feb-21,03-Feb-21,03-Feb-21, , , ,Jakarta,Indonesia,Android,30
46508,Turner Nielsen,Turner,Nielsen,17-Feb-21, ,17-Feb-21,17-Feb-21,17-Feb-21, ,Surabaya,Indonesia,IOS,18
46030,Urijah Bryan,Urijah,Bryan,06-Feb-21,07-Feb-21,06-Feb-21,06-Feb-21,06-Feb-21, ,Jakarta,Indonesia,Android,21
47807,Victoria Mckee,Victoria,Mckee,10-Feb-21,10-Feb-21,10-Feb-21, , , ,Jakarta,Indonesia,Android,24
41940,Waylon House,Waylon,House,20-Feb-21,22-Feb-21,20-Feb-21,20-Feb-21,20-Feb-21, ,Jakarta,Indonesia,Android,21
44648,Yadira Neal,Yadira,Neal,15-Feb-21,15-Feb-21,15-Feb-21, , , ,Jakarta,Indonesia,Android,20
41964,Yareli Mcclure,Yareli,Mcclure,16-Feb-21,16-Feb-21,16-Feb-21, , , ,Bandar,Indonesia,Android,23
41716,Yurem Williamson,Yurem,Williamson,16-Feb-21,23-Feb-21,16-Feb-21,17-Feb-21, , ,Jember,Indonesia,Android,38
44460,Zachariah Finley,Zachariah,Finley,14-Feb-21,19-Feb-21,14-Feb-21,14-Feb-21,14-Feb-21,14-Feb-21,Jakarta,Indonesia,Android,17
41999,Zack Riggs,Zack,Riggs,10-Feb-21,12-Feb-21,10-Feb-21,10-Feb-21,10-Feb-21,10-Feb-21,Jakarta,Indonesia,Android,20
49749,Zaniyah Hall,Zaniyah,Hall,26-Feb-21,28-Feb-21,26-Feb-21, , , ,Jakarta,Indonesia,Android,23
47921,Zion Sloan,Zion,Sloan,16-Feb-21, ,19-Feb-21,19-Feb-21,19-Feb-21, ,Jakarta,Indonesia,Android,20
45401,Zoie Gillespie,Zoie,Gillespie,16-Feb-21,16-Feb-21,16-Feb-21,16-Feb-21, , ,Surabaya,Indonesia,Android,23
31121,Branson Fry,Branson,Fry,05-Mar-21, ,06-Mar-21,06-Mar-21, , ,Jakarta,Indonesia,Android,23
31147,Gracie Stephenson,Gracie,Stephenson,15-Mar-21,17-Mar-21,15-Mar-21,15-Mar-21,15-Mar-21, ,Jember,Indonesia,Android,39
31217,Chase Hood,Chase,Hood,08-Mar-21,17-May-21,27-Apr-21,17-May-21, , ,Bandung,Indonesia,IOS,39
31222,Yadira Wilkinson,Yadira,Wilkinson,25-Mar-21,06-Apr-21,27-Mar-21,30-Mar-21,30-Mar-21,30-Mar-21,Bekasi,Indonesia,IOS,18
31250,Sergio Clay,Sergio,Clay,01-Mar-21,02-Mar-21,01-Mar-21,01-Mar-21, , ,Jakarta,Indonesia,Android,30
31261,Rachel Warren,Rachel,Warren,09-Mar-21, ,09-Mar-21,09-Mar-21, , ,Jakarta,Indonesia,Android,20
31279,Abigayle Long,Abigayle,Long,13-Mar-21,13-Mar-21,13-Mar-21,13-Mar-21, , ,Jakarta,Indonesia,Android,28
31424,Blaine Russell,Blaine,Russell,07-Mar-21,07-Mar-21,07-Mar-21, , , ,Surabaya,Indonesia,Android,19
31437,Alyson Barrett,Alyson,Barrett,20-Mar-21,20-Mar-21,20-Mar-21, , , ,Tangerang,Indonesia,Android,18
31466,Quinten Huff,Quinten,Huff,11-Mar-21,04-Apr-21,11-Mar-21,14-Mar-21,14-Mar-21, ,Surabaya,Indonesia,Android,18
31477,Timothy Hall,Timothy,Hall,11-Mar-21,13-Mar-21,11-Mar-21, , , ,Surabaya,Indonesia,Android,25
31508,Jovanni Marsh,Jovanni,Marsh,09-Mar-21,09-Mar-21,09-Mar-21, , , ,Surabaya,Indonesia,Android,31
31538,Charlie Middleton,Charlie,Middleton,15-Mar-21,15-Mar-21,15-Mar-21, , , ,Sidoarjo,Indonesia,Android,38
31553,Kathryn Lyons,Kathryn,Lyons,04-Mar-21,04-Mar-21,04-Mar-21, , , ,Sidoarjo,Indonesia,Android,24
31554,Ruby Hendricks,Ruby,Hendricks,11-Mar-21,12-Mar-21,11-Mar-21,11-Mar-21, , ,Jakarta,Indonesia,Android,28
31587,Tyshawn Woods,Tyshawn,Woods,13-Mar-21,30-Mar-21,13-Mar-21,13-Mar-21,13-Mar-21, ,Surabaya,Indonesia,Android,27
31634,Blake Wilcox,Blake,Wilcox,10-Mar-21,13-Mar-21,10-Mar-21,13-Mar-21, , ,Jakarta,Indonesia,Android,22
31690,John Dougherty,John,Dougherty,14-Mar-21, ,14-Mar-21,14-Mar-21, , ,Jakarta,Indonesia,Android,30
31730,Caiden Ali,Caiden,Ali,24-Mar-21,25-Mar-21,24-Mar-21, , , ,Surabaya,Indonesia,Android,24
31760,Imani Stephens,Imani,Stephens,05-Mar-21, ,05-Mar-21,05-Mar-21,05-Mar-21,06-Mar-21,Surabaya,Indonesia,Android,17
31837,Kole Barr,Kole,Barr,31-Mar-21, ,31-Mar-21,31-Mar-21, , ,Jakarta,Indonesia,Android,25
31840,Mckenna Crosby,Mckenna,Crosby,31-Mar-21,31-Mar-21,31-Mar-21,31-Mar-21, , ,Jakarta,Indonesia,Android,18
31866,Deborah Guzman,Deborah,Guzman,13-Mar-21,13-Mar-21,13-Mar-21, , , ,Malang,Indonesia,Android,26
31881,Deborah Johns,Deborah,Johns,01-Mar-21,01-Mar-21,01-Mar-21, , , ,Tuban,Indonesia,Android,19
31883,Karissa Mayo,Karissa,Mayo,31-Mar-21,31-Mar-21,31-Mar-21, , , ,Surabaya,Indonesia,Android,39
31963,Elyse Browning,Elyse,Browning,08-Mar-21, ,08-Mar-21,08-Mar-21,09-Mar-21,10-Mar-21,Surabaya,Indonesia,Android,27
31992,Cale Salas,Cale,Salas,12-Mar-21,15-Mar-21,12-Mar-21, , , ,Surabaya,Indonesia,Android,30
32030,Aimee Tapia,Aimee,Tapia,07-Mar-21,07-Mar-21,07-Mar-21, , , ,Surabaya,Indonesia,Android,23
32107,Leilani Lang,Leilani,Lang,25-Mar-21, ,25-Mar-21,25-Mar-21, , ,Jakarta,Indonesia,Android,18
32110,Delilah Ward,Delilah,Ward,20-Mar-21,20-Mar-21,20-Mar-21, , , ,Surabaya,Indonesia,Android,29
32130,Aliyah Phelps,Aliyah,Phelps,20-Mar-21,22-Mar-21,20-Mar-21,20-Mar-21, , ,Jakarta,Indonesia,Android,35
32147,Juliana Hammond,Juliana,Hammond,02-Mar-21,16-Mar-21,02-Mar-21, , , ,Bandung,Indonesia,Android,51
32162,Frankie Bond,Frankie,Bond,05-Mar-21,05-Mar-21,05-Mar-21,05-Mar-21, , ,Jakarta,Indonesia,Android,19
32201,Aleah Fuller,Aleah,Fuller,12-Mar-21,13-Mar-21,12-Mar-21, , , ,Kediri,Indonesia,Android,35
32213,John Dalton,John,Dalton,28-Mar-21,29-Mar-21,28-Mar-21, , , ,Cirebon,Indonesia,IOS,17
32214,Elliana Ortega,Elliana,Ortega,06-Mar-21, ,06-Mar-21,06-Mar-21,06-Mar-21,06-Mar-21,Bekasi,Indonesia,IOS,29
32275,Owen Dunlap,Owen,Dunlap,25-Mar-21,25-Mar-21,25-Mar-21, , , ,Surabaya,Indonesia,Android,19
32292,Lyric Bartlett,Lyric,Bartlett,20-Mar-21,20-Mar-21,20-Mar-21, , , ,Surabaya,Indonesia,Android,18
32474,Walker Madden,Walker,Madden,12-Mar-21,13-Mar-21,12-Mar-21, , , ,Surabaya,Indonesia,Android,24
32492,Bridget Stevenson,Bridget,Stevenson,23-Mar-21,24-Mar-21,23-Mar-21, , , ,Surabaya,Indonesia,Android,40
32511,Alivia Golden,Alivia,Golden,30-Mar-21,04-Apr-21,30-Mar-21,30-Mar-21,31-Mar-21,03-Apr-21,Surabaya,Indonesia,Android,21
32603,Finley Greene,Finley,Greene,06-Mar-21,07-Mar-21,06-Mar-21,06-Mar-21, , ,Jakarta,Indonesia,Android,25
32650,Lea Rich,Lea,Rich,09-Mar-21, ,09-Mar-21,09-Mar-21, , ,Jakarta,Indonesia,Android,27
32693,Gary Parks,Gary,Parks,11-Mar-21,11-Mar-21,11-Mar-21,11-Mar-21, , ,Jakarta,Indonesia,Android,21
32722,Rocco Chandler,Rocco,Chandler,16-Mar-21, ,16-Mar-21,16-Mar-21,17-Mar-21, ,Magetan,Indonesia,Android,28
32744,Orion Pennington,Orion,Pennington,31-Mar-21,31-Mar-21,31-Mar-21,31-Mar-21, , ,Jakarta,Indonesia,Android,17
32753,Mariah Patton,Mariah,Patton,26-Mar-21,26-Mar-21,26-Mar-21, , , ,Surabaya,Indonesia,Android,28
32799,Travis Grant,Travis,Grant,05-Mar-21,05-Mar-21,05-Mar-21,05-Mar-21, , ,Jakarta,Indonesia,Android,21
32801,Jaylen Dickerson,Jaylen,Dickerson,14-Mar-21,14-Mar-21,14-Mar-21, , , ,Surabaya,Indonesia,Android,20
32822,Jason Chavez,Jason,Chavez,18-Mar-21,18-Mar-21,18-Mar-21, , , ,Surabaya,Indonesia,Android,27
32826,James Bolton,James,Bolton,30-Mar-21,01-Apr-21,30-Mar-21, , , ,Surabaya,Indonesia,Android,25
32873,Kassidy Crawford,Kassidy,Crawford,20-Mar-21,20-Mar-21,20-Mar-21, , , ,Surabaya,Indonesia,Android,27
32878,Linda Jacobs,Linda,Jacobs,05-Mar-21,07-Mar-21,05-Mar-21, , , ,Surabaya,Indonesia,Android,23
32892,Giuliana Coleman,Giuliana,Coleman,05-Mar-21,05-Mar-21,05-Mar-21,05-Mar-21, , ,Jakarta,Indonesia,Android,22
32912,Slade Cannon,Slade,Cannon,14-Mar-21,14-Mar-21,14-Mar-21, , , ,Surabaya,Indonesia,Android,38
32916,Raiden Gardner,Raiden,Gardner,25-Mar-21, ,25-Mar-21,25-Mar-21,25-Mar-21, ,Malang,Indonesia,Android,22
32967,Aryana Huber,Aryana,Huber,30-Mar-21,30-Mar-21,30-Mar-21,30-Mar-21, , ,Jakarta,Indonesia,Android,27
33047,August Haley,August,Haley,27-Mar-21,27-Mar-21,27-Mar-21,27-Mar-21, , ,Jakarta,Indonesia,Android,23
33095,Mariana English,Mariana,English,12-Mar-21, ,12-Mar-21,12-Mar-21, , ,Bandung,Indonesia,IOS,29
33105,Amber Frazier,Amber,Frazier,11-Mar-21,11-Mar-21,11-Mar-21,11-Mar-21, , ,Jakarta,Indonesia,Android,22
33134,Geovanni Lamb,Geovanni,Lamb,03-Mar-21, ,03-Mar-21,03-Mar-21, , ,Jakarta,Indonesia,Android,29
33182,Kolton Boone,Kolton,Boone,13-Mar-21,12-Apr-21,13-Mar-21, , , ,Surabaya,Indonesia,Android,34
33200,Cayden Fox,Cayden,Fox,05-Mar-21, ,05-Mar-21,05-Mar-21, , ,Jakarta,Indonesia,Android,18
33213,Maliyah Shah,Maliyah,Shah,18-Mar-21,29-Mar-21,18-Mar-21,22-Mar-21,22-Mar-21, ,Bekasi,Indonesia,Android,17
33214,Jaylan Brady,Jaylan,Brady,13-Mar-21, ,12-Apr-21,12-Apr-21, , ,Jakarta,Indonesia,Android,21
33264,Beatrice Richards,Beatrice,Richards,30-Mar-21,17-Apr-21,30-Mar-21,30-Mar-21,30-Mar-21, ,Semarang,Indonesia,Android,28
33325,Yosef Ryan,Yosef,Ryan,13-Mar-21, ,13-Mar-21,13-Mar-21,13-Mar-21,14-Mar-21,Surabaya,Indonesia,Android,26
33390,Akira Santos,Akira,Santos,01-Mar-21, ,01-Mar-21,01-Mar-21,02-Mar-21,05-Mar-21,Surabaya,Indonesia,Android,22
33413,Cristina Robles,Cristina,Robles,03-Mar-21, ,17-Mar-21,22-Mar-21, , ,Depok,Indonesia,IOS,27
33419,Aleena Fischer,Aleena,Fischer,27-Mar-21,27-Mar-21,27-Mar-21, , , ,Surabaya,Indonesia,Android,24
33430,Daphne Ramsey,Daphne,Ramsey,11-Mar-21, ,11-Mar-21,11-Mar-21,11-Mar-21,11-Mar-21,Kediri,Indonesia,Android,27
33520,Riley Guerrero,Riley,Guerrero,29-Mar-21, ,29-Mar-21,29-Mar-21,29-Mar-21,01-Apr-21,Surabaya,Indonesia,Android,19
33575,Shiloh Barrett,Shiloh,Barrett,14-Mar-21,15-Mar-21,14-Mar-21,  , , ,Bandung,Indonesia,IOS,18
33639,Alexandra Barrett,Alexandra,Barrett,05-Mar-21, ,05-Mar-21,05-Mar-21, , ,Beji,Indonesia,IOS,23
33646,Jaelynn Neal,Jaelynn,Neal,01-Mar-21,02-Mar-21,01-Mar-21, , , ,Surabaya,Indonesia,Android,28
33649,Anya Clayton,Anya,Clayton,02-Mar-21,04-Mar-21,02-Mar-21,02-Mar-21,02-Mar-21, ,Surabaya,Indonesia,Android,21
33659,Leilani Shea,Leilani,Shea,26-Mar-21,02-Apr-21,26-Mar-21,26-Mar-21, , ,Jakarta,Indonesia,Android,24
33672,Celia Boyer,Celia,Boyer,09-Mar-21,09-Mar-21,09-Mar-21, , , ,Surabaya,Indonesia,Android,24
33686,Armando Woodward,Armando,Woodward,30-Mar-21, ,30-Mar-21,30-Mar-21, , ,Jakarta,Indonesia,Android,23
33693,Ashlee Walters,Ashlee,Walters,20-Mar-21,20-Mar-21,20-Mar-21,20-Mar-21, , ,Batununggal,Indonesia,IOS,22
33768,Abbie Goodwin,Abbie,Goodwin,23-Mar-21,23-Mar-21,23-Mar-21, , , ,Surabaya,Indonesia,Android,24
33868,Kenna Villanueva,Kenna,Villanueva,05-Mar-21, ,24-Apr-21,24-Apr-21, , ,Jakarta,Indonesia,Android,23
33961,Makaila Lozano,Makaila,Lozano,01-Mar-21,01-Mar-21,01-Mar-21,01-Mar-21, , ,Jakarta,Indonesia,Android,21
33961,Brianna Humphrey,Brianna,Humphrey,15-Mar-21,23-Mar-21,15-Mar-21,15-Mar-21,15-Mar-21,16-Mar-21,Surabaya,Indonesia,Android,20
33977,Corinne Morris,Corinne,Morris,17-Mar-21, ,17-Mar-21,17-Mar-21,17-Mar-21,17-Mar-21,Surabaya,Indonesia,Android,26
33992,Bailee Marsh,Bailee,Marsh,03-Mar-21,03-Mar-21,03-Mar-21, , , ,Surabaya,Indonesia,Android,21
33998,Shawn Buck,Shawn,Buck,04-Mar-21,07-Mar-21,04-Mar-21,07-Mar-21,07-Mar-21, ,Surabaya,Indonesia,Android,21
34001,Kaley Strong,Kaley,Strong,11-Mar-21,12-Mar-21,11-Mar-21,11-Mar-21, , ,Jakarta,Indonesia,Android,24
34003,Landin Klein,Landin,Klein,14-Mar-21, ,14-Mar-21,14-Mar-21, , ,Jakarta,Indonesia,Android,24
34025,Tyson Rice,Tyson,Rice,17-Mar-21,17-Mar-21,17-Mar-21,17-Mar-21, , ,Jakarta,Indonesia,Android,18
34048,Gwendolyn Todd,Gwendolyn,Todd,19-Mar-21,21-Mar-21,19-Mar-21,19-Mar-21, , ,Jakarta,Indonesia,Android,26
34069,Katrina Finley,Katrina,Finley,17-Mar-21, ,17-Mar-21,17-Mar-21, , ,Jakarta,Indonesia,Android,18
34099,Kathryn Bell,Kathryn,Bell,03-Mar-21,10-Mar-21,03-Mar-21,03-Mar-21,03-Mar-21, ,Kediri,Indonesia,Android,31
34107,Ciara Dodson,Ciara,Dodson,28-Mar-21,28-Mar-21,28-Mar-21, , , ,Surabaya,Indonesia,Android,19
34113,Johan Castaneda,Johan,Castaneda,29-Mar-21,29-Apr-21,29-Mar-21,29-Mar-21,29-Mar-21,30-Mar-21,Surabaya,Indonesia,Android,18
34150,Eric Carr,Eric,Carr,04-Mar-21,04-Mar-21,04-Mar-21, , , ,Surabaya,Indonesia,Android,26
34166,Kiana Harris,Kiana,Harris,11-Mar-21,11-Mar-21,11-Mar-21, , , ,Surabaya,Indonesia,Android,29
34193,Jermaine Summers,Jermaine,Summers,31-Mar-21,31-Mar-21,31-Mar-21, , , ,Surabaya,Indonesia,Android,49
34266,Shayla Anthony,Shayla,Anthony,22-Mar-21,01-Apr-21,22-Mar-21,22-Mar-21, , ,Jakarta,Indonesia,Android,25
34369,Sonny Hahn,Sonny,Hahn,03-Mar-21,03-Mar-21,03-Mar-21, , , ,Surabaya,Indonesia,Android,41
34373,Caleb Proctor,Caleb,Proctor,05-Mar-21,09-Mar-21,05-Mar-21,09-Mar-21, , ,Jakarta,Indonesia,Android,21
34391,Koen Roy,Koen,Roy,26-Mar-21,26-Mar-21,26-Mar-21, , , ,Surabaya,Indonesia,Android,23
34394,Aria Bender,Aria,Bender,16-Mar-21,17-Mar-21,16-Mar-21,16-Mar-21, , ,Jakarta,Indonesia,Android,24
34439,Abbigail Olsen,Abbigail,Olsen,27-Mar-21,01-Apr-21,27-Mar-21,27-Mar-21, , ,Surabaya,Indonesia,Android,40
34464,Winston Clarke,Winston,Clarke,30-Mar-21, ,30-Mar-21,30-Mar-21, , ,Jakarta,Indonesia,Android,24
34471,Gabriella Carlson,Gabriella,Carlson,15-Mar-21,15-Mar-21,15-Mar-21, , , ,Surabaya,Indonesia,Android,25
34482,Darrell Sosa,Darrell,Sosa,10-Mar-21,11-Mar-21,10-Mar-21, , , ,Blitar,Indonesia,Android,39
34502,Helena Goodwin,Helena,Goodwin,09-Mar-21,09-Mar-21,09-Mar-21, , , ,Surabaya,Indonesia,Android,29
34597,Lila Boyd,Lila,Boyd,12-Mar-21, ,19-Mar-21,19-Mar-21, , ,Jakarta,Indonesia,Android,27
34662,Ross Huerta,Ross,Huerta,16-Mar-21,16-Mar-21,16-Mar-21,16-Mar-21, , ,Jakarta,Indonesia,Android,20
34678,Kristen Blackwell,Kristen,Blackwell,18-Mar-21,09-Apr-21,18-Mar-21,18-Mar-21,18-Mar-21, ,Sidoarjo,Indonesia,Android,20
34681,Jaycee Hoover,Jaycee,Hoover,04-Mar-21,04-Mar-21,04-Mar-21, , , ,Surabaya,Indonesia,Android,43
34689,Joy Baird,Joy,Baird,04-Mar-21, ,04-Mar-21,04-Mar-21,05-Mar-21, ,Bandung,Indonesia,IOS,28
34797,Jaeden Cruz,Jaeden,Cruz,07-Mar-21,07-Mar-21,07-Mar-21, , , ,Surabaya,Indonesia,Android,46
34842,Jovanni Terrell,Jovanni,Terrell,10-Mar-21,19-Mar-21,10-Mar-21,16-Mar-21,18-Mar-21, ,Surabaya,Indonesia,Android,20
34929,Matteo Murillo,Matteo,Murillo,16-Mar-21,16-Mar-21,16-Mar-21, , , ,Bandung,Indonesia,IOS,22
34938,Mia Evans,Mia,Evans,04-Mar-21,05-Mar-21,04-Mar-21,04-Mar-21, , ,Jakarta,Indonesia,Android,28
34939,Kendrick Reilly,Kendrick,Reilly,25-Mar-21,25-Mar-21,25-Mar-21,25-Mar-21, , ,Jakarta,Indonesia,Android,22
34947,Matilda Greene,Matilda,Greene,21-Mar-21,21-Mar-21,21-Mar-21,21-Mar-21, , ,Jakarta,Indonesia,Android,18
34949,Judith Vega,Judith,Vega,21-Mar-21,08-Apr-21,21-Mar-21,25-Mar-21,25-Mar-21, ,Surabaya,Indonesia,Android,29
34960,Joanna Sexton,Joanna,Sexton,23-Mar-21, ,24-Mar-21,24-Mar-21, , ,Jakarta,Indonesia,Android,29
34967,Marcus Clements,Marcus,Clements,22-Mar-21,22-Mar-21,22-Mar-21,22-Mar-21, , ,Jakarta,Indonesia,Android,28
34971,Jessica Wise,Jessica,Wise,19-Mar-21,20-Mar-21,19-Mar-21,19-Mar-21, , ,Jakarta,Indonesia,Android,23
35012,Davin Lang,Davin,Lang,11-Mar-21,15-Mar-21,11-Mar-21,11-Mar-21,11-Mar-21, ,Surabaya,Indonesia,IOS,21
35022,Sidney Waller,Sidney,Waller,05-Mar-21, ,05-Mar-21,05-Mar-21, , ,Surabaya,Indonesia,Android,31
35056,Mattie Harvey,Mattie,Harvey,18-Mar-21,21-Mar-21,18-Mar-21,21-Mar-21, , ,Jakarta,Indonesia,Android,26
35186,Luciano Acosta,Luciano,Acosta,24-Mar-21,24-Mar-21,24-Mar-21,24-Mar-21, , ,Jakarta,Indonesia,Android,17
35209,Mollie Sharp,Mollie,Sharp,20-Mar-21,20-Mar-21,20-Mar-21,20-Mar-21, , ,Jakarta,Indonesia,Android,29
35253,Marianna Huerta,Marianna,Huerta,29-Mar-21,29-Mar-21,29-Mar-21,29-Mar-21,29-Mar-21, ,Surabaya,Indonesia,Android,25
35266,Ernest Figueroa,Ernest,Figueroa,28-Mar-21, ,28-Mar-21,28-Mar-21,28-Mar-21,28-Mar-21,Surabaya,Indonesia,Android,19
35267,Leonard Ayala,Leonard,Ayala,05-Mar-21,26-Mar-21,05-Mar-21,05-Mar-21,05-Mar-21, ,Surabaya,Indonesia,Android,24
35380,Raven Levy,Raven,Levy,01-Mar-21,16-Mar-21,01-Mar-21, , , ,Bandung,Indonesia,Android,55
35380,Marshall Swanson,Marshall,Swanson,23-Mar-21,23-Mar-21,23-Mar-21, , , ,Surabaya,Indonesia,Android,20
35424,Angela Koch,Angela,Koch,07-Mar-21,07-Mar-21,07-Mar-21, , , ,Surabaya,Indonesia,Android,48
35425,Meadow Dunlap,Meadow,Dunlap,18-Mar-21,20-Mar-21,18-Mar-21,18-Mar-21,18-Mar-21, ,Surabaya,Indonesia,Android,27
35427,Valentin Garrett,Valentin,Garrett,19-Mar-21,26-Mar-21,19-Mar-21,19-Mar-21,19-Mar-21, ,Surabaya,Indonesia,Android,21
35454,Sean Gutierrez,Sean,Gutierrez,03-Mar-21,03-Mar-21,03-Mar-21,03-Mar-21,03-Mar-21, ,Sidoarjo,Indonesia,IOS,18
35503,Jay Kaufman,Jay,Kaufman,26-Mar-21,26-Mar-21,26-Mar-21, , , ,Surabaya,Indonesia,Android,33
35510,Dylan Dunn,Dylan,Dunn,15-Mar-21, ,15-Mar-21,15-Mar-21,15-Mar-21,15-Mar-21,Surabaya,Indonesia,Android,26
35531,Allisson Sheppard,Allisson,Sheppard,30-Mar-21,30-Mar-21,30-Mar-21,30-Mar-21, , ,Jakarta,Indonesia,Android,17
35535,Megan Ray,Megan,Ray,15-Mar-21, ,16-Mar-21,16-Mar-21, , ,Jakarta,Indonesia,Android,37
35582,Alan Ellison,Alan,Ellison,14-Mar-21,18-Mar-21,14-Mar-21,18-Mar-21, , ,Jakarta,Indonesia,Android,18
35603,Azaria Frost,Azaria,Frost,19-Mar-21,26-Mar-21,19-Mar-21,19-Mar-21,19-Mar-21, ,Kediri,Indonesia,Android,25
35607,Darrell Odom,Darrell,Odom,06-Mar-21,10-Mar-21,06-Mar-21, , , ,Sidoarjo,Indonesia,Android,34
35626,Alisha Oneill,Alisha,Oneill,15-Mar-21,15-Mar-21,15-Mar-21, , , ,Surabaya,Indonesia,Android,39
35632,Georgia Zavala,Georgia,Zavala,19-Mar-21,19-Mar-21,19-Mar-21, , , ,Surabaya,Indonesia,Android,20
35640,Blaine Oneill,Blaine,Oneill,03-Mar-21,03-Mar-21,03-Mar-21, , , ,Surabaya,Indonesia,Android,21
35672,Trey Mata,Trey,Mata,29-Mar-21, ,29-Mar-21,29-Mar-21,29-Mar-21,30-Mar-21,Surabaya,Indonesia,Android,18
35674,Kamora Dean,Kamora,Dean,07-Mar-21,12-Mar-21,07-Mar-21, , , ,Surabaya,Indonesia,Android,38
35683,Cortez Hull,Cortez,Hull,21-Mar-21,25-Mar-21,21-Mar-21,25-Mar-21, , ,Jakarta,Indonesia,Android,20
35688,Aliya Herman,Aliya,Herman,14-Mar-21,15-Mar-21,14-Mar-21, , , ,Surabaya,Indonesia,Android,30
35698,Nyasia Finley,Nyasia,Finley,01-Mar-21, ,01-Mar-21,01-Mar-21,01-Mar-21,01-Mar-21,Surabaya,Indonesia,Android,28
35757,Corinne Bean,Corinne,Bean,10-Mar-21,11-Mar-21,10-Mar-21,  , , ,Bandung,Indonesia,IOS,36
35793,Kylie Calderon,Kylie,Calderon,23-Mar-21,28-Mar-21,23-Mar-21, , , ,Surabaya,Indonesia,Android,39
35798,Rashad David,Rashad,David,05-Mar-21,05-Mar-21,05-Mar-21,05-Mar-21,05-Mar-21, ,Surabaya,Indonesia,Android,40
35800,Braylen Parker,Braylen,Parker,19-Mar-21,19-Mar-21,19-Mar-21,19-Mar-21, , ,Jakarta,Indonesia,Android,20
35849,Leon Porter,Leon,Porter,24-Mar-21,24-Mar-21,24-Mar-21,24-Mar-21, , ,Jakarta,Indonesia,Android,17
35887,Micah Yu,Micah,Yu,16-Mar-21,16-Mar-21,16-Mar-21, , , ,Surabaya,Indonesia,Android,39
35950,Alanna Morton,Alanna,Morton,05-Mar-21,14-Mar-21,06-Mar-21,07-Mar-21, , ,Bandung,Indonesia,IOS,28
35966,Adelyn Pruitt,Adelyn,Pruitt,15-Mar-21,15-Mar-21,15-Mar-21, , , ,Surabaya,Indonesia,Android,30
35975,Raelynn Conner,Raelynn,Conner,11-Mar-21, ,11-Mar-21,11-Mar-21,11-Mar-21,11-Mar-21,Surabaya,Indonesia,Android,21
35980,Prince Rowe,Prince,Rowe,28-Mar-21,28-Mar-21,28-Mar-21, , , ,Surabaya,Indonesia,Android,39
36005,Lesly Villanueva,Lesly,Villanueva,30-Mar-21, ,29-May-21,29-May-21, , ,Jakarta,Indonesia,Android,20
36095,Blake Obrien,Blake,Obrien,05-Mar-21,05-Mar-21,05-Mar-21, , , ,Surabaya,Indonesia,Android,29
36112,Cassandra Sosa,Cassandra,Sosa,07-Mar-21, ,07-Mar-21,07-Mar-21,07-Mar-21,08-Mar-21,Surabaya,Indonesia,Android,22
36141,Nathalie Good,Nathalie,Good,30-Mar-21, ,30-Mar-21,30-Mar-21,30-Mar-21, ,Surabaya,Indonesia,Android,23
36171,Noel Horne,Noel,Horne,02-Mar-21,02-Mar-21,02-Mar-21, , , ,Surabaya,Indonesia,Android,22
36179,Natalee Medina,Natalee,Medina,18-Mar-21,18-Mar-21,18-Mar-21, , , ,Surabaya,Indonesia,Android,26
36203,Krista Conley,Krista,Conley,05-Mar-21,05-Mar-21,05-Mar-21, , , ,Surabaya,Indonesia,Android,22
36241,Tyrell Stevenson,Tyrell,Stevenson,09-Mar-21, ,09-Mar-21,09-Mar-21, , ,Jakarta,Indonesia,Android,22
36265,Erik Leblanc,Erik,Leblanc,12-Mar-21, ,12-Mar-21,12-Mar-21,12-Mar-21,13-Mar-21,Bandung,Indonesia,IOS,29
36267,Isai Rice,Isai,Rice,25-Mar-21, ,25-Mar-21,25-Mar-21,25-Mar-21, ,Surabaya,Indonesia,Android,22
36297,Jordyn Morton,Jordyn,Morton,17-Mar-21,20-Mar-21,17-Mar-21,20-Mar-21, , ,Jakarta,Indonesia,Android,17
36357,Miracle Simpson,Miracle,Simpson,06-Mar-21,06-Mar-21,06-Mar-21,06-Mar-21, , ,Jakarta,Indonesia,Android,17
36362,Ellen Jefferson,Ellen,Jefferson,15-Mar-21,15-Mar-21,15-Mar-21, , , ,Surabaya,Indonesia,Android,35
36372,Nadia Dudley,Nadia,Dudley,04-Mar-21, ,04-Mar-21,04-Mar-21,05-Mar-21,05-Mar-21,Malang,Indonesia,Android,23
36412,Ari Atkinson,Ari,Atkinson,21-Mar-21,22-Mar-21,21-Mar-21,21-Mar-21, , ,Jakarta,Indonesia,Android,30
36466,Tommy Wood,Tommy,Wood,19-Mar-21, ,19-Mar-21,19-Mar-21, , ,Jakarta,Indonesia,Android,30
36564,Jaylene Bates,Jaylene,Bates,28-Mar-21,03-Apr-21,28-Mar-21, , , ,Surabaya,Indonesia,Android,33
36589,Neveah Cohen,Neveah,Cohen,11-Mar-21,18-Mar-21,11-Mar-21,14-Mar-21,14-Mar-21,14-Mar-21,Surabaya,Indonesia,Android,25
36592,Marisol Bullock,Marisol,Bullock,09-Mar-21,12-Mar-21,09-Mar-21,09-Mar-21,12-Mar-21, ,Surabaya,Indonesia,Android,17
36601,Aydan Spears,Aydan,Spears,16-Mar-21,16-Mar-21,16-Mar-21, , , ,Surabaya,Indonesia,Android,24
36622,Tyler Hahn,Tyler,Hahn,20-Mar-21,27-Mar-21,20-Mar-21,24-Mar-21,24-Mar-21, ,Surabaya,Indonesia,Android,22
36624,Dereon Shields,Dereon,Shields,28-Mar-21,30-Mar-21,28-Mar-21, , , ,Surabaya,Indonesia,Android,30
36626,Freddy Zhang,Freddy,Zhang,13-Mar-21,13-Mar-21,13-Mar-21,13-Mar-21, , ,Jakarta,Indonesia,Android,22
36679,Ulises Osborn,Ulises,Osborn,07-Mar-21,22-Mar-21,07-Mar-21,07-Mar-21,07-Mar-21, ,Surabaya,Indonesia,Android,32
36703,Ellie Parrish,Ellie,Parrish,02-Mar-21, ,02-Mar-21,02-Mar-21,02-Mar-21,02-Mar-21,Surabaya,Indonesia,Android,17
36708,Davon Case,Davon,Case,27-Mar-21,28-Mar-21,27-Mar-21, , , ,Surabaya,Indonesia,Android,28
36719,Braedon Coleman,Braedon,Coleman,29-Mar-21,02-Apr-21,29-Mar-21, , , ,Surabaya,Indonesia,Android,28
36732,Corinne Kemp,Corinne,Kemp,26-Mar-21,01-Apr-21,26-Mar-21,26-Mar-21,26-Mar-21,27-Mar-21,Surabaya,Indonesia,Android,18
36756,Amaya Shea,Amaya,Shea,22-Mar-21, ,22-Mar-21,22-Mar-21,22-Mar-21,03-Apr-21,Surabaya,Indonesia,Android,19
36764,Daniella Shelton,Daniella,Shelton,18-Mar-21,19-Mar-21,18-Mar-21, , , ,Surabaya,Indonesia,Android,29
36773,Sandra Cameron,Sandra,Cameron,18-Mar-21, ,18-Mar-21,18-Mar-21,18-Mar-21,18-Mar-21,Malang,Indonesia,Android,28
36796,Mohamed English,Mohamed,English,26-Mar-21,05-Apr-21,26-Mar-21,29-Mar-21,29-Mar-21, ,Blitar,Indonesia,Android,25
36830,Victoria Hodges,Victoria,Hodges,09-Mar-21,10-Mar-21,09-Mar-21,10-Mar-21,10-Mar-21, ,Surabaya,Indonesia,Android,29
36931,Pamela Blake,Pamela,Blake,04-Mar-21,04-Mar-21,04-Mar-21, , , ,Surabaya,Indonesia,Android,34
36960,Autumn Adkins,Autumn,Adkins,13-Mar-21,13-Mar-21,13-Mar-21, , , ,Surabaya,Indonesia,Android,26
36964,Hugh Glass,Hugh,Glass,31-Mar-21,04-Apr-21,31-Mar-21,31-Mar-21, , ,Jakarta,Indonesia,Android,26
36973,Aileen Thornton,Aileen,Thornton,16-Mar-21,19-Mar-21,16-Mar-21,16-Mar-21,16-Mar-21, ,Surabaya,Indonesia,Android,23
36974,Lilly Bryant,Lilly,Bryant,15-Mar-21,16-Mar-21,15-Mar-21,15-Mar-21, , ,Bandung,Indonesia,IOS,32
37025,Alejandra Spears,Alejandra,Spears,27-Mar-21, ,27-Mar-21,27-Mar-21,27-Mar-21,28-Mar-21,Surabaya,Indonesia,Android,30
37090,Ashly Potts,Ashly,Potts,01-Mar-21, ,01-Mar-21,01-Mar-21, , ,Jakarta,Indonesia,Android,21
37096,Dylan Wood,Dylan,Wood,19-Mar-21,19-Mar-21,19-Mar-21,19-Mar-21, , ,Jakarta,Indonesia,Android,17
37191,Messiah Koch,Messiah,Koch,09-Mar-21,10-Mar-21,09-Mar-21, , , ,Surabaya,Indonesia,Android,28
37205,Melanie Peterson,Melanie,Peterson,18-Mar-21, ,22-Mar-21,22-Mar-21, , ,Jakarta,Indonesia,Android,22
37240,Austin Osborn,Austin,Osborn,12-Mar-21,12-Mar-21,12-Mar-21,12-Mar-21, , ,Jakarta,Indonesia,Android,17
37270,Macy Huff,Macy,Huff,02-Mar-21,05-Mar-21,02-Mar-21,02-Mar-21, , ,Jakarta,Indonesia,Android,24
37277,Jesus Larsen,Jesus,Larsen,23-Mar-21, ,23-Mar-21,23-Mar-21, , ,Bekasi,Indonesia,IOS,23
37282,Moriah Weeks,Moriah,Weeks,02-Mar-21, ,02-Mar-21,02-Mar-21, , ,Bogor,Indonesia,IOS,26
37287,Manuel Garcia,Manuel,Garcia,26-Mar-21,26-Mar-21,26-Mar-21, , , ,Surabaya,Indonesia,Android,34
37291,Matthias Rich,Matthias,Rich,02-Mar-21,02-Mar-21,02-Mar-21,02-Mar-21, , ,Jakarta,Indonesia,Android,20
37421,Olivia Donaldson,Olivia,Donaldson,17-Mar-21,17-Mar-21,17-Mar-21, , , ,Surabaya,Indonesia,Android,27
37422,Jerry Tanner,Jerry,Tanner,13-Mar-21,13-Mar-21,13-Mar-21,13-Mar-21, , ,Jakarta,Indonesia,Android,26
37429,Marlene Rivas,Marlene,Rivas,10-Mar-21,10-Mar-21,10-Mar-21, , , ,Surabaya,Indonesia,Android,19
37459,Wayne Beasley,Wayne,Beasley,04-Mar-21,04-Mar-21,04-Mar-21, , , ,Surabaya,Indonesia,Android,34
37542,Shamar Trevino,Shamar,Trevino,25-Mar-21,28-Mar-21,25-Mar-21,28-Mar-21, , ,Jakarta,Indonesia,Android,20
37552,Maia Escobar,Maia,Escobar,26-Mar-21,31-Mar-21,27-Mar-21,29-Mar-21, , ,Bandung,Indonesia,IOS,47
37561,Brylee Mcclure,Brylee,Mcclure,28-Mar-21,31-Mar-21,28-Mar-21,31-Mar-21, , ,Jakarta,Indonesia,Android,22
37577,Taryn Rojas,Taryn,Rojas,08-Mar-21,30-Mar-21,13-Mar-21,13-Mar-21,14-Mar-21, ,Surabaya,Indonesia,Android,45
37591,Janiyah Hoffman,Janiyah,Hoffman,19-Mar-21, ,19-Mar-21,19-Mar-21,20-Mar-21,20-Mar-21,Surabaya,Indonesia,Android,18
37626,Stephen Reyes,Stephen,Reyes,10-Mar-21,10-Mar-21,10-Mar-21, , , ,Sidoarjo,Indonesia,Android,34
37644,Jaydan Davies,Jaydan,Davies,27-Mar-21,04-Apr-21,27-Mar-21,31-Mar-21,31-Mar-21, ,Jember,Indonesia,Android,31
37665,Jagger Walter,Jagger,Walter,26-Mar-21,26-Mar-21,26-Mar-21, , , ,Sidoarjo,Indonesia,Android,29
37687,Frankie Wise,Frankie,Wise,05-Mar-21, ,05-Mar-21,05-Mar-21,05-Mar-21,05-Mar-21,Bekasi,Indonesia,IOS,19
37692,Phoebe Steele,Phoebe,Steele,31-Mar-21,31-Mar-21,31-Mar-21, , , ,Surabaya,Indonesia,Android,29
37693,Izabelle Choi,Izabelle,Choi,03-Mar-21,03-Mar-21,03-Mar-21,03-Mar-21, , ,Jakarta,Indonesia,Android,26
37752,Carla Nelson,Carla,Nelson,07-Mar-21,07-Mar-21,07-Mar-21, , , ,Surabaya,Indonesia,Android,24
37757,Finley Herring,Finley,Herring,24-Mar-21, ,24-Mar-21,24-Mar-21,24-Mar-21,24-Mar-21,Madiun,Indonesia,Android,19
37909,Ty Hartman,Ty,Hartman,27-Mar-21,27-Mar-21,27-Mar-21, , , ,Surabaya,Indonesia,Android,24
37911,Kayley Garner,Kayley,Garner,21-Mar-21,21-Mar-21,21-Mar-21,21-Mar-21, , ,Jakarta,Indonesia,Android,23
37912,Brodie Moyer,Brodie,Moyer,21-Mar-21,26-Mar-21,21-Mar-21,21-Mar-21,21-Mar-21, ,Surabaya,Indonesia,Android,27
37933,Briley Owens,Briley,Owens,24-Mar-21,24-Mar-21,24-Mar-21,24-Mar-21, , ,Jakarta,Indonesia,Android,26
37966,Dayton Weber,Dayton,Weber,01-Mar-21,02-Mar-21,01-Mar-21,01-Mar-21,01-Mar-21, ,Malang,Indonesia,Android,38
37990,Rylee Murray,Rylee,Murray,24-Mar-21, ,24-Mar-21,24-Mar-21, , ,Jakarta,Indonesia,Android,25
38016,Reynaldo Poole,Reynaldo,Poole,04-Mar-21, ,05-Mar-21,05-Mar-21, , ,Surabaya,Indonesia,Android,38
38030,Arabella Mathews,Arabella,Mathews,03-Mar-21,16-Mar-21,03-Mar-21,04-Mar-21,04-Mar-21, ,Surabaya,Indonesia,Android,26
38085,Abdiel Wheeler,Abdiel,Wheeler,28-Mar-21,29-Mar-21,28-Mar-21,28-Mar-21,28-Mar-21, ,Surabaya,Indonesia,Android,21
38103,Deangelo Barrett,Deangelo,Barrett,22-Mar-21,25-Mar-21,22-Mar-21, , , ,Surabaya,Indonesia,Android,23
38119,Jimmy Mendoza,Jimmy,Mendoza,06-Mar-21,09-Mar-21,06-Mar-21,09-Mar-21, , ,Jakarta,Indonesia,Android,19
38211,Kamryn Ross,Kamryn,Ross,17-Mar-21, ,17-Mar-21,17-Mar-21, , ,Jakarta,Indonesia,Android,20
38234,Raphael Walker,Raphael,Walker,18-Mar-21, ,18-Mar-21,18-Mar-21, , ,Bekasi,Indonesia,IOS,23
38256,Jasper Nichols,Jasper,Nichols,20-Mar-21,25-Mar-21,20-Mar-21, , , ,Surabaya,Indonesia,Android,33
38263,Tiffany Cunningham,Tiffany,Cunningham,08-Mar-21,15-Mar-21,08-Mar-21, , , ,Sidoarjo,Indonesia,Android,31
38291,Sanaa Olson,Sanaa,Olson,06-Mar-21, ,06-Mar-21,06-Mar-21,06-Mar-21, ,Bandung,Indonesia,IOS,28
38328,Nyasia Wilkinson,Nyasia,Wilkinson,15-Mar-21,20-Mar-21,15-Mar-21, , , ,Surabaya,Indonesia,Android,32
38338,Andy Salinas,Andy,Salinas,12-Mar-21,12-Mar-21,12-Mar-21, , , ,Surabaya,Indonesia,Android,25
38350,Laci Roach,Laci,Roach,26-Mar-21,28-Mar-21,26-Mar-21,  , , ,Bekasi,Indonesia,IOS,52
38351,Sebastian Mercer,Sebastian,Mercer,08-Mar-21,08-Mar-21,08-Mar-21, , , ,Surabaya,Indonesia,Android,27
38354,Miracle Shepherd,Miracle,Shepherd,01-Mar-21,01-Mar-21,01-Mar-21, , , ,Kediri,Indonesia,Android,33
38382,Lauryn Hobbs,Lauryn,Hobbs,14-Mar-21,16-Mar-21,14-Mar-21,15-Mar-21,15-Mar-21, ,Surabaya,Indonesia,Android,21
38392,Aimee Vasquez,Aimee,Vasquez,31-Mar-21,31-Mar-21,31-Mar-21, , , ,Sidoarjo,Indonesia,Android,24
38436,Kenny Small,Kenny,Small,13-Mar-21,13-Mar-21,13-Mar-21, , , ,Surabaya,Indonesia,Android,24
38440,Jocelyn Pratt,Jocelyn,Pratt,15-Mar-21,15-Mar-21,15-Mar-21, , , ,Surabaya,Indonesia,Android,28
38589,Devan Gould,Devan,Gould,28-Mar-21,31-Mar-21,28-Mar-21, , , ,Surabaya,Indonesia,Android,26
38623,Rene Friedman,Rene,Friedman,20-Mar-21,20-Mar-21,20-Mar-21, , , ,Surabaya,Indonesia,Android,26
38625,Alani Brandt,Alani,Brandt,17-Mar-21, ,20-Mar-21,20-Mar-21, , ,Jakarta,Indonesia,Android,18
38635,Deja Murillo,Deja,Murillo,29-Mar-21,05-Apr-21,29-Mar-21,29-Mar-21,29-Mar-21, ,Bandung,Indonesia,Android,40
38680,Kaiya Meadows,Kaiya,Meadows,12-Mar-21,12-Mar-21,12-Mar-21, , , ,Surabaya,Indonesia,Android,19
38694,Erika Espinoza,Erika,Espinoza,31-Mar-21,31-Mar-21,31-Mar-21, , , ,Surabaya,Indonesia,Android,24
38698,Liam Case,Liam,Case,22-Mar-21,22-Mar-21,22-Mar-21, , , ,Malang,Indonesia,Android,28
38699,Liana Greer,Liana,Greer,06-Mar-21, ,06-Mar-21,06-Mar-21,06-Mar-21, ,Surabaya,Indonesia,Android,24
38705,Dominick Walker,Dominick,Walker,04-Mar-21,09-Mar-21,04-Mar-21,07-Mar-21,07-Mar-21, ,Surabaya,Indonesia,Android,17
38721,Alannah Eaton,Alannah,Eaton,12-Mar-21, ,12-Mar-21,12-Mar-21,12-Mar-21,13-Mar-21,Malang,Indonesia,Android,18
38768,Bella Day,Bella,Day,06-Mar-21,06-Mar-21,06-Mar-21,06-Mar-21, , ,Jakarta,Indonesia,Android,20
38797,Itzel Cline,Itzel,Cline,23-Mar-21,23-Mar-21,23-Mar-21, , , ,Surabaya,Indonesia,Android,29
38813,Mario Underwood,Mario,Underwood,11-Mar-21,11-Mar-21,11-Mar-21,11-Mar-21,11-Mar-21, ,Surabaya,Indonesia,Android,26
38831,Danielle Stevenson,Danielle,Stevenson,11-Mar-21,11-Mar-21,11-Mar-21, , , ,Surabaya,Indonesia,Android,22
38904,Jerimiah Daugherty,Jerimiah,Daugherty,20-Mar-21,22-Mar-21,20-Mar-21,20-Mar-21,21-Mar-21, ,Surabaya,Indonesia,Android,42
38930,Evan Cameron,Evan,Cameron,13-Mar-21,13-Mar-21,13-Mar-21, , , ,Surabaya,Indonesia,Android,33
38952,Patience Hampton,Patience,Hampton,18-Mar-21, ,18-Mar-21,18-Mar-21, , ,Jakarta,Indonesia,Android,28
39063,Tyler Roth,Tyler,Roth,09-Mar-21,10-Mar-21,09-Mar-21, , , ,Surabaya,Indonesia,Android,36
39081,Madison Schroeder,Madison,Schroeder,01-Mar-21, ,01-Mar-21,01-Mar-21, , ,Jakarta,Indonesia,Android,23
39086,Levi Bradshaw,Levi,Bradshaw,23-Mar-21,23-Mar-21,23-Mar-21, , , ,Surabaya,Indonesia,Android,40
39090,Tyrese Montgomery,Tyrese,Montgomery,05-Mar-21,05-Mar-21,05-Mar-21,05-Mar-21, , ,Jakarta,Indonesia,Android,26
39150,Presley Strickland,Presley,Strickland,15-Mar-21, ,15-Mar-21,15-Mar-21,15-Mar-21,15-Mar-21,Surabaya,Indonesia,Android,22
39244,Gilberto Berger,Gilberto,Berger,07-Mar-21,07-Mar-21,07-Mar-21, , , ,Surabaya,Indonesia,Android,53
39248,Zion Shaw,Zion,Shaw,16-Mar-21,24-Mar-21,16-Mar-21,16-Mar-21, , ,Jakarta,Indonesia,Android,29
39250,Mackenzie Montes,Mackenzie,Montes,20-Mar-21,23-Mar-21,20-Mar-21,20-Mar-21, , ,Malang,Indonesia,Android,35
39292,Moises Farmer,Moises,Farmer,04-Mar-21,04-Mar-21,04-Mar-21,04-Mar-21, , ,Jakarta,Indonesia,Android,18
39328,Dayana Shaffer,Dayana,Shaffer,05-Mar-21, ,05-Mar-21,05-Mar-21,06-Mar-21,09-Mar-21,Surabaya,Indonesia,Android,26
39329,Meredith Campos,Meredith,Campos,04-Mar-21,05-Mar-21,04-Mar-21,04-Mar-21, , ,Jakarta,Indonesia,Android,23
39569,Logan Ballard,Logan,Ballard,20-Mar-21,20-Mar-21,20-Mar-21, , , ,Surabaya,Indonesia,Android,36
39569,Elaina Combs,Elaina,Combs,02-Mar-21,22-Mar-21,02-Mar-21, , , ,Tasikmalaya,Indonesia,Android,42
39609,Azaria Davis,Azaria,Davis,26-Mar-21,26-Mar-21,26-Mar-21,26-Mar-21,26-Mar-21, ,Surabaya,Indonesia,Android,27
39615,Kara Morales,Kara,Morales,30-Mar-21,06-Apr-21,30-Mar-21,06-Apr-21,06-Apr-21, ,Sidoarjo,Indonesia,Android,24
39616,Alisson Mccall,Alisson,Mccall,07-Mar-21,07-Mar-21,07-Mar-21,07-Mar-21,07-Mar-21, ,Surabaya,Indonesia,Android,39
39663,Kyson Meyers,Kyson,Meyers,30-Mar-21, ,30-Mar-21,30-Mar-21,30-Mar-21,31-Mar-21,Surabaya,Indonesia,Android,23
39667,Ralph Wilcox,Ralph,Wilcox,06-Mar-21, ,06-Mar-21,06-Mar-21, , ,Jakarta,Indonesia,Android,19
39691,Damion Wyatt,Damion,Wyatt,29-Mar-21,31-Mar-21,29-Mar-21,29-Mar-21, , ,Jakarta,Indonesia,Android,32
39713,Ricky Jensen,Ricky,Jensen,05-Mar-21, ,05-Mar-21,05-Mar-21,07-Mar-21,08-Mar-21,Surabaya,Indonesia,Android,22
39748,Eric Rich,Eric,Rich,26-Mar-21,26-Mar-21,26-Mar-21, , , ,Surabaya,Indonesia,Android,17
39797,Adeline Carrillo,Adeline,Carrillo,11-Mar-21, ,11-Mar-21,11-Mar-21,11-Mar-21,12-Mar-21,Surabaya,Indonesia,Android,24
39820,Leilani Prince,Leilani,Prince,06-Mar-21,06-Mar-21,06-Mar-21, , , ,Surabaya,Indonesia,Android,28
39878,Carmelo Ballard,Carmelo,Ballard,16-Mar-21,16-Mar-21,16-Mar-21,16-Mar-21, , ,Jakarta,Indonesia,Android,18
39912,Clayton Newman,Clayton,Newman,24-Mar-21,24-Mar-21,24-Mar-21, , , ,Surabaya,Indonesia,Android,24
39961,Kallie Murphy,Kallie,Murphy,24-Mar-21, ,24-Mar-21,24-Mar-21,24-Mar-21,25-Mar-21,Surabaya,Indonesia,Android,20
39968,Luciana Farmer,Luciana,Farmer,19-Mar-21, ,20-Mar-21,20-Mar-21, , ,Jakarta,Indonesia,Android,17
39991,Marianna Pearson,Marianna,Pearson,12-Mar-21,12-Mar-21,12-Mar-21,12-Mar-21, , ,Jakarta,Indonesia,Android,21
