User ID,First Name,Last Name,Full Name,Acquisition Channel
51206,Abby,Nixon,Abby Nixon,Organic
58863,Abril,Hunter,Abril Hunter,Organic
58934,Ada,Murillo,Ada Murillo,Organic
54810,Addisyn,Bradford,Addisyn Bradford,Organic
51424,Adelyn,Simmons,Adelyn Simmons,Google Ads
51484,Adriel,Key,Adriel Key,Organic
55366,Adyson,Munoz,Adyson Munoz,Organic
56381,Adyson,Graham,Adyson Graham,Organic
54239,Alaina,Aguirre,Alaina Aguirre,Organic
52061,Alannah,Meyers,Alannah Meyers,Organic
55949,Aleah,Davenport,Aleah Davenport,Organic
53787,Aleah,Roman,Aleah Roman,Google Ads
53933,Aleena,Gibson,Aleena Gibson,Organic
59861,Alessandro,Valencia,Alessandro Valencia,Google Ads
56854,Alfonso,Parsons,Alfonso Parsons,Organic
59958,Alfonso,Tanner,Alfonso Tanner,Google Ads
53928,Alice,Beard,Alice Beard,Organic
52439,Alissa,Clark,Alissa Clark,Organic
51898,Alisson,Pearson,Alisson Pearson,Organic
53474,Aliza,Foley,Aliza Foley,Organic
52827,Alyssa,Schneider,Alyssa Schneider,Google Ads
57852,Amelia,Mckee,Amelia Mckee,Organic
56281,Amira,Kent,Amira Kent,Organic
54843,Amya,Silva,Amya Silva,Google Ads
59138,Ana,Edwards,Ana Edwards,Organic
54287,Anabella,Nunez,Anabella Nunez,Organic
57529,Anabella,Tyler,Anabella Tyler,Google Ads
52638,Anabelle,Acevedo,Anabelle Acevedo,Organic
56512,Anastasia,Carlson,Anastasia Carlson,Organic
56985,Anaya,Velez,Anaya Velez,Organic
57718,Angeline,Whitaker,Angeline Whitaker,TikTok
59470,Angelique,Cannon,Angelique Cannon,Organic
57877,Anika,Greer,Anika Greer,Organic
56169,Ann,Murray,Ann Murray,Organic
54245,Anna,Bartlett,Anna Bartlett,Organic
57313,Anna,Harrell,Anna Harrell,Organic
59758,Annalise,Calhoun,Annalise Calhoun,Organic
55266,Araceli,Proctor,Araceli Proctor,Organic
56730,Arturo,Silva,Arturo Silva,Google Ads
55875,Arturo,Mejia,Arturo Mejia,Organic
52038,Aryan,Reese,Aryan Reese,Google Ads
54822,Aryanna,Spence,Aryanna Spence,Google Ads
55875,Ashanti,Huang,Ashanti Huang,Organic
57554,Ashlee,Shah,Ashlee Shah,Google Ads
52462,Ashton,Yu,Ashton Yu,Facebook
56712,Aspen,Sweeney,Aspen Sweeney,Google Ads
54060,Aubrie,Underwood,Aubrie Underwood,Organic
55205,Augustus,Livingston,Augustus Livingston,Organic
53310,Ayden,Mullins,Ayden Mullins,Organic
54164,Ayla,Dyer,Ayla Dyer,Organic
57109,Aylin,Serrano,Aylin Serrano,Google Ads
51743,Belinda,Valentine,Belinda Valentine,Google Ads
52617,Blake,Dunlap,Blake Dunlap,Organic
51128,Brandon,Conway,Brandon Conway,Organic
55107,Braydon,Gamble,Braydon Gamble,Organic
55957,Braylon,Mcclure,Braylon Mcclure,Organic
55363,Brenden,Mayo,Brenden Mayo,Organic
55327,Brennan,Richardson,Brennan Richardson,Google Ads
53247,Brenton,Wolfe,Brenton Wolfe,TikTok
57666,Brian,Lynch,Brian Lynch,Organic
57598,Brisa,Stafford,Brisa Stafford,Organic
58981,Britney,Wolfe,Britney Wolfe,TikTok
58273,Brogan,Sellers,Brogan Sellers,Google Ads
55984,Brooks,Blackburn,Brooks Blackburn,Organic
59412,Bryce,Hopkins,Bryce Hopkins,Organic
51251,Brynn,Crosby,Brynn Crosby,Organic
56825,Cailyn,Meza,Cailyn Meza,Organic
56190,Camren,Barr,Camren Barr,Organic
56958,Carley,Burns,Carley Burns,Organic
52721,Carlo,Schmitt,Carlo Schmitt,Google Ads
54619,Chaim,Garrison,Chaim Garrison,Organic
55558,Chana,Meza,Chana Meza,Organic
57246,Chance,Huffman,Chance Huffman,Organic
55161,Chandler,Mcclain,Chandler Mcclain,Organic
51303,Charles,Short,Charles Short,Organic
53170,Charlie,Cervantes,Charlie Cervantes,Organic
57009,Charlie,Briggs,Charlie Briggs,Organic
51615,Chaya,Friedman,Chaya Friedman,Organic
55319,Christine,Fritz,Christine Fritz,Organic
51129,Christopher,Mccullough,Christopher Mccullough,Organic
56224,Cierra,Greene,Cierra Greene,Organic
54136,Cole,Calhoun,Cole Calhoun,Organic
58980,Cole,Decker,Cole Decker,Organic
52415,Cora,Alvarado,Cora Alvarado,Organic
53444,Cornelius,Mueller,Cornelius Mueller,Organic
53453,Dahlia,Mcintosh,Dahlia Mcintosh,Organic
55297,Dalia,Macias,Dalia Macias,Organic
52015,Damarion,Bryan,Damarion Bryan,Organic
56160,Damarion,Oliver,Damarion Oliver,Organic
56623,Damarion,Chaney,Damarion Chaney,Organic
58665,Dania,Beck,Dania Beck,Organic
57042,Darwin,Boyle,Darwin Boyle,Organic
51593,Dashawn,Anthony,Dashawn Anthony,Organic
54838,Davis,Daniels,Davis Daniels,Organic
56561,Dawson,Arias,Dawson Arias,Organic
58079,Dayami,Kent,Dayami Kent,Organic
58774,Dayana,Stuart,Dayana Stuart,Google Ads
57454,Deanna,Barnett,Deanna Barnett,Organic
56398,Deborah,Larsen,Deborah Larsen,Organic
57162,Deborah,Hull,Deborah Hull,Organic
58853,Demetrius,Garcia,Demetrius Garcia,Organic
52699,Denise,Bradshaw,Denise Bradshaw,Organic
55240,Denisse,Stephens,Denisse Stephens,Google Ads
58375,Denzel,Newton,Denzel Newton,Organic
56117,Derrick,Walters,Derrick Walters,Google Ads
51551,Dillon,Davis,Dillon Davis,Organic
52290,Donald,Rhodes,Donald Rhodes,Google Ads
55945,Donovan,Sanchez,Donovan Sanchez,Google Ads
55590,Drew,Underwood,Drew Underwood,Google Ads
52631,Dulce,Whitaker,Dulce Whitaker,TikTok
54554,Dustin,Ball,Dustin Ball,Organic
59827,Ean,Francis,Ean Francis,Google Ads
55923,Edgar,Woodward,Edgar Woodward,TikTok
59537,Elena,Ali,Elena Ali,Organic
59180,Elian,Carson,Elian Carson,Organic
58108,Elisa,Haney,Elisa Haney,Organic
59987,Elisha,Frazier,Elisha Frazier,Organic
56263,Ellen,Solomon,Ellen Solomon,Google Ads
58623,Elliot,Rollins,Elliot Rollins,Google Ads
57973,Elsa,Warren,Elsa Warren,Google Ads
59011,Emely,Watts,Emely Watts,TikTok
52794,Emilia,Mcbride,Emilia Mcbride,Organic
51459,Evelyn,Payne,Evelyn Payne,Organic
58394,Evelyn,Gay,Evelyn Gay,Organic
59591,Ezekiel,Dennis,Ezekiel Dennis,Google Ads
58547,Felix,Burke,Felix Burke,Organic
58119,Fernanda,Patrick,Fernanda Patrick,Organic
56844,Fernando,Schmidt,Fernando Schmidt,Google Ads
57858,Finnegan,Nolan,Finnegan Nolan,Organic
53790,Fletcher,Blackwell,Fletcher Blackwell,Organic
57880,Franco,Ballard,Franco Ballard,Organic
59727,Frankie,Keith,Frankie Keith,Organic
54411,Frederick,Fitzgerald,Frederick Fitzgerald,Organic
55631,George,Moon,George Moon,Organic
54513,Gia,Valenzuela,Gia Valenzuela,Google Ads
54590,Gilbert,Tyler,Gilbert Tyler,Google Ads
52856,Gilberto,Browning,Gilberto Browning,Google Ads
53760,Giovani,Zamora,Giovani Zamora,Facebook
54820,Giovanna,Martin,Giovanna Martin,Organic
56870,Giovanna,Adkins,Giovanna Adkins,Organic
51454,Gisselle,Maxwell,Gisselle Maxwell,Organic
57084,Gracie,Hull,Gracie Hull,Organic
59725,Gregory,Davenport,Gregory Davenport,Organic
52262,Gwendolyn,Lam,Gwendolyn Lam,Organic
51124,Hailie,Blackwell,Hailie Blackwell,Google Ads
57202,Haleigh,Wood,Haleigh Wood,TikTok
53022,Haley,Frazier,Haley Frazier,Organic
56934,Harley,Howell,Harley Howell,Organic
59884,Harmony,Patton,Harmony Patton,Organic
54549,Hayden,Oneal,Hayden Oneal,Organic
52425,Haylee,Levine,Haylee Levine,Organic
51634,Heaven,Marquez,Heaven Marquez,Organic
57330,Helen,Schwartz,Helen Schwartz,Google Ads
51446,Ibrahim,Hickman,Ibrahim Hickman,Organic
52019,Iris,Roach,Iris Roach,Google Ads
54705,Isis,Austin,Isis Austin,Google Ads
59338,Issac,Barrett,Issac Barrett,Organic
59008,Jacob,Gilbert,Jacob Gilbert,Organic
59717,Jadon,Jensen,Jadon Jensen,Organic
52513,Jaelynn,Holden,Jaelynn Holden,Organic
55526,Jagger,Valdez,Jagger Valdez,Google Ads
59538,Jaiden,Case,Jaiden Case,Organic
54546,Jaime,Ball,Jaime Ball,Organic
55352,Jamarcus,Poole,Jamarcus Poole,Organic
53116,Jamie,Lucas,Jamie Lucas,Organic
57158,Jamiya,Church,Jamiya Church,Organic
58953,Jaquan,Wise,Jaquan Wise,TikTok
53553,Jarrett,Turner,Jarrett Turner,Google Ads
52132,Jase,Dillon,Jase Dillon,Organic
54219,Jason,Burke,Jason Burke,Organic
58866,Jaxson,Nelson,Jaxson Nelson,Organic
55848,Jaydan,Dickerson,Jaydan Dickerson,Organic
51925,Jaydan,Taylor,Jaydan Taylor,Google Ads
55659,Jaylan,Watts,Jaylan Watts,TikTok
51714,Jaylin,Fletcher,Jaylin Fletcher,TikTok
54961,Jennifer,Morales,Jennifer Morales,Organic
54331,Jesse,Boyd,Jesse Boyd,Organic
56543,Jessie,Erickson,Jessie Erickson,Organic
53017,Jett,Valencia,Jett Valencia,Google Ads
58457,Jett,Byrd,Jett Byrd,TikTok
58951,Joanna,Kirk,Joanna Kirk,TikTok
57336,Johnny,Cunningham,Johnny Cunningham,Organic
56567,Jonathon,Gill,Jonathon Gill,Organic
57770,Jordon,Villanueva,Jordon Villanueva,Google Ads
55681,Josie,Fritz,Josie Fritz,Organic
56766,Josie,Flores,Josie Flores,Organic
56700,Jovanny,Wood,Jovanny Wood,TikTok
51201,Joyce,Hurst,Joyce Hurst,Organic
53064,Julia,Moss,Julia Moss,Organic
54446,Julia,Molina,Julia Molina,Organic
53249,Justin,Maddox,Justin Maddox,Organic
52864,Justus,Hayes,Justus Hayes,Organic
58128,Kaden,Wagner,Kaden Wagner,TikTok
58919,Kaden,Bruce,Kaden Bruce,Organic
53939,Kaeden,Pollard,Kaeden Pollard,Organic
52985,Kaila,Massey,Kaila Massey,TikTok
56331,Kaila,Browning,Kaila Browning,Organic
51382,Kailee,Harvey,Kailee Harvey,Organic
51755,Kailey,Russell,Kailey Russell,Google Ads
57973,Kale,Woods,Kale Woods,TikTok
55045,Kaleb,Holmes,Kaleb Holmes,Organic
55599,Kamryn,Goodwin,Kamryn Goodwin,Organic
52925,Karina,Leonard,Karina Leonard,TikTok
51353,Karter,Hinton,Karter Hinton,Organic
54825,Kash,Fowler,Kash Fowler,Organic
53908,Katherine,Fuentes,Katherine Fuentes,Organic
57090,Kaya,Solomon,Kaya Solomon,Google Ads
57219,Kaylin,Hebert,Kaylin Hebert,Organic
53547,Keagan,Cruz,Keagan Cruz,Organic
57264,Kellen,Church,Kellen Church,Organic
53620,Kendal,Spence,Kendal Spence,Google Ads
57123,Kendal,Glass,Kendal Glass,Organic
58739,Kendra,Ritter,Kendra Ritter,Google Ads
56837,Kiana,Davidson,Kiana Davidson,Organic
54114,Kiara,Huff,Kiara Huff,Organic
53342,Killian,Donaldson,Killian Donaldson,Organic
51620,Kinsley,Bradshaw,Kinsley Bradshaw,TikTok
58674,Kole,Heath,Kole Heath,Organic
54367,Kolton,Blackwell,Kolton Blackwell,Organic
54995,Konner,Dudley,Konner Dudley,TikTok
52308,Konnor,Mcknight,Konnor Mcknight,Organic
52390,Kyan,Morrow,Kyan Morrow,Organic
55940,Lacey,Mayer,Lacey Mayer,Organic
59852,Lara,Baird,Lara Baird,Organic
56128,Leanna,Mosley,Leanna Mosley,Organic
52966,Leonel,Walton,Leonel Walton,Google Ads
57572,Leticia,Morgan,Leticia Morgan,Organic
56909,Lilah,Duarte,Lilah Duarte,Organic
59744,Lilian,Meza,Lilian Meza,Organic
54752,Lillian,Wolfe,Lillian Wolfe,TikTok
53678,London,Shepherd,London Shepherd,Google Ads
58960,Londyn,Hodges,Londyn Hodges,Organic
54194,Lorelei,Campos,Lorelei Campos,Organic
57646,Lukas,Rios,Lukas Rios,Google Ads
57753,Luke,Wall,Luke Wall,Google Ads
56589,Macy,Watson,Macy Watson,TikTok
53977,Madilynn,Park,Madilynn Park,Organic
51325,Maggie,Conway,Maggie Conway,Organic
52632,Makenzie,Hardin,Makenzie Hardin,Organic
58333,Maliyah,Gaines,Maliyah Gaines,Organic
59720,Mara,Yates,Mara Yates,Facebook
57264,Marely,Mcknight,Marely Mcknight,Organic
53550,Marilyn,Barnes,Marilyn Barnes,Organic
58478,Mariyah,Kelly,Mariyah Kelly,Organic
59081,Mark,Cooper,Mark Cooper,Organic
53091,Marlene,Wong,Marlene Wong,TikTok
53581,Marlie,Holmes,Marlie Holmes,TikTok
59810,Marlie,Kennedy,Marlie Kennedy,Organic
57961,Maximus,Haney,Maximus Haney,Organic
58542,Mckenna,Klein,Mckenna Klein,Organic
57419,Mia,Chang,Mia Chang,Organic
57660,Micah,James,Micah James,Organic
52513,Micheal,Alexander,Micheal Alexander,Organic
56189,Milagros,Randall,Milagros Randall,Organic
51615,Miles,Mcguire,Miles Mcguire,Organic
55703,Milton,Prince,Milton Prince,Organic
59629,Mitchell,Carter,Mitchell Carter,TikTok
54426,Mohamed,Williams,Mohamed Williams,TikTok
51417,Mohammad,Zavala,Mohammad Zavala,Facebook
56533,Myah,Bailey,Myah Bailey,Organic
51724,Naomi,Wheeler,Naomi Wheeler,TikTok
53854,Natalya,Calhoun,Natalya Calhoun,Organic
53298,Nathanial,Andrade,Nathanial Andrade,Organic
54452,Nathaniel,Huerta,Nathaniel Huerta,Organic
55648,Nayeli,Mcclure,Nayeli Mcclure,Organic
54140,Nia,Osborn,Nia Osborn,Organic
55509,Nicole,Kemp,Nicole Kemp,Organic
56008,Nikhil,Khan,Nikhil Khan,Organic
52640,Nikolai,Walsh,Nikolai Walsh,Google Ads
59096,Nikolai,Mitchell,Nikolai Mitchell,Organic
56923,Nina,Mullins,Nina Mullins,Organic
55878,Noel,Pittman,Noel Pittman,Organic
51908,Octavio,Rhodes,Octavio Rhodes,Google Ads
52832,Orion,King,Orion King,Organic
55968,Orion,Lopez,Orion Lopez,Organic
51281,Paige,Hooper,Paige Hooper,Organic
53198,Paige,Short,Paige Short,TikTok
53382,Paul,Hodge,Paul Hodge,Organic
52295,Paul,Jensen,Paul Jensen,Organic
52421,Payton,Barker,Payton Barker,Organic
58496,Phillip,Townsend,Phillip Townsend,Google Ads
56608,Quentin,Sosa,Quentin Sosa,Google Ads
55578,Quintin,Alvarado,Quintin Alvarado,Organic
54487,Rachael,Stafford,Rachael Stafford,Google Ads
51535,Raegan,Gould,Raegan Gould,Organic
57825,Raelynn,Zavala,Raelynn Zavala,Facebook
52421,Raiden,Wall,Raiden Wall,Google Ads
58108,Raina,Cantu,Raina Cantu,Organic
54302,Rebecca,Yoder,Rebecca Yoder,Facebook
59179,Reed,Sandoval,Reed Sandoval,Google Ads
51546,Reilly,Romero,Reilly Romero,TikTok
56531,Rey,Griffin,Rey Griffin,Organic
58851,Reyna,Wolfe,Reyna Wolfe,TikTok
59228,Riley,Pineda,Riley Pineda,Organic
55283,Riya,Hensley,Riya Hensley,Organic
57258,Roland,Torres,Roland Torres,Google Ads
59416,Rory,Alvarez,Rory Alvarez,Organic
58605,Ryker,Chapman,Ryker Chapman,Organic
51863,Rylee,Hayes,Rylee Hayes,TikTok
51992,Rylee,Douglas,Rylee Douglas,Organic
58390,Rylee,Mann,Rylee Mann,Organic
57675,Ryleigh,Cooley,Ryleigh Cooley,Organic
58786,Sage,Sherman,Sage Sherman,Google Ads
57680,Samara,Compton,Samara Compton,Organic
58944,Samara,Warren,Samara Warren,Google Ads
58925,Samson,Compton,Samson Compton,Organic
55504,Sarai,Horton,Sarai Horton,Organic
56562,Sasha,Reed,Sasha Reed,Google Ads
56106,Sasha,Pope,Sasha Pope,Organic
56207,Sasha,Larsen,Sasha Larsen,Facebook
56606,Savion,Huang,Savion Huang,Organic
58694,Scott,Mclean,Scott Mclean,Organic
55482,Sebastian,Austin,Sebastian Austin,Organic
59157,Shawn,Avila,Shawn Avila,Organic
58329,Sherlyn,Mack,Sherlyn Mack,Organic
52110,Shyanne,Hobbs,Shyanne Hobbs,Organic
53849,Skye,Frederick,Skye Frederick,Organic
55629,Skyler,Monroe,Skyler Monroe,Organic
55816,Sloane,Mueller,Sloane Mueller,Organic
56497,Sophie,Contreras,Sophie Contreras,Organic
51708,Sydney,Villanueva,Sydney Villanueva,Facebook
53713,Sylvia,Blake,Sylvia Blake,Organic
55419,Taliyah,Burns,Taliyah Burns,Organic
55903,Tamara,Mullen,Tamara Mullen,Organic
54625,Tamia,Conner,Tamia Conner,Organic
53509,Taryn,Wilson,Taryn Wilson,TikTok
57338,Teresa,Cochran,Teresa Cochran,Organic
55540,Thaddeus,Krueger,Thaddeus Krueger,Organic
55786,Thomas,Duffy,Thomas Duffy,Organic
53162,Tiana,Vincent,Tiana Vincent,Google Ads
53000,Tori,Clayton,Tori Clayton,Facebook
52024,Tristen,Proctor,Tristen Proctor,Organic
51921,Tristen,Schultz,Tristen Schultz,Google Ads
58407,Tristian,Dennis,Tristian Dennis,Facebook
59251,Tucker,Mcdowell,Tucker Mcdowell,Organic
58603,Ty,Dougherty,Ty Dougherty,Organic
53182,Tyree,Hess,Tyree Hess,Organic
52767,Tyrone,Pitts,Tyrone Pitts,Organic
56406,Valerie,Coleman,Valerie Coleman,Organic
51430,Vanessa,Ross,Vanessa Ross,Google Ads
54973,Vincent,Shields,Vincent Shields,Google Ads
59245,Vivian,Petty,Vivian Petty,Organic
51297,Wendy,Burton,Wendy Burton,Organic
59409,William,Duffy,William Duffy,Organic
55040,Yandel,Guerra,Yandel Guerra,Organic
58793,Yusuf,Galloway,Yusuf Galloway,Organic
58169,Zackary,Obrien,Zackary Obrien,Organic
55928,Zain,Miller,Zain Miller,Organic
52395,Zaria,Rose,Zaria Rose,Google Ads
52499,Zoey,Avery,Zoey Avery,Organic
42407,Abbigail Horn,Abbigail,Horn,Organic
46844,Addyson Mills,Addyson,Mills,Organic
41658,Adelaide Wall,Adelaide,Wall,Organic
43724,Adolfo Chambers,Adolfo,Chambers,Organic
45692,Alan Herrera,Alan,Herrera,Organic
45216,Alanna Nolan,Alanna,Nolan,Organic
45487,Alena Patrick,Alena,Patrick,Organic
42343,Alexandria Whitehead,Alexandria,Whitehead,Organic
49341,Alexis Blake,Alexis,Blake,Organic
47715,Alexis Huynh,Alexis,Huynh,Organic
49280,Alfred Walters,Alfred,Walters,Organic
46613,Alia Moore,Alia,Moore,Organic
44796,Aliya Patterson,Aliya,Patterson,Organic
49073,Aliya Schneider,Aliya,Schneider,Organic
43902,Aliya Shields,Aliya,Shields,Organic
42504,Amiah Callahan,Amiah,Callahan,Organic
44205,Angela Stephens,Angela,Stephens,Organic
46746,Angie Henderson,Angie,Henderson,Organic
49705,Anna Richmond,Anna,Richmond,Organic
48627,Anne Casey,Anne,Casey,Organic
45048,Annika Yang,Annika,Yang,Organic
48862,Arabella Lewis,Arabella,Lewis,Organic
48595,Araceli Herrera,Araceli,Herrera,Organic
44509,Aria Graves,Aria,Graves,Organic
46018,Armani Hardin,Armani,Hardin,Organic
44084,Aubrie Torres,Aubrie,Torres,Organic
44018,Averi Mack,Averi,Mack,Organic
49923,Ayana Wu,Ayana,Wu,Organic
42333,Barbara Morrow,Barbara,Morrow,Organic
45738,Bernard Huber,Bernard,Huber,Organic
43137,Billy Charles,Billy,Charles,Organic
49191,Bradley Mathews,Bradley,Mathews,Organic
48144,Brenden Mckinney,Brenden,Mckinney,Organic
42020,Bria Walton,Bria,Walton,Organic
46850,Brooklynn Obrien,Brooklynn,Obrien,Organic
41817,Bruno Brewer,Bruno,Brewer,Organic
46705,Bryson Drake,Bryson,Drake,Organic
49060,Callie Rojas,Callie,Rojas,Organic
48777,Camille Stanley,Camille,Stanley,Organic
42997,Carlee Hunt,Carlee,Hunt,Organic
43245,Casey Andrews,Casey,Andrews,Organic
49092,Casey Holden,Casey,Holden,Organic
49178,Chanel Kerr,Chanel,Kerr,Organic
44060,Charles Pham,Charles,Pham,Organic
46684,Chaya Harrington,Chaya,Harrington,Organic
49908,Chaz Price,Chaz,Price,Organic
41715,Cheyanne Francis,Cheyanne,Francis,Organic
46301,Claire Figueroa,Claire,Figueroa,Organic
47971,Coby Calhoun,Coby,Calhoun,Organic
43089,Colby Reese,Colby,Reese,Organic
47789,Colten Montoya,Colten,Montoya,Organic
49909,Cooper Stone,Cooper,Stone,Organic
41296,Cornelius Howe,Cornelius,Howe,Organic
45396,Craig Hernandez,Craig,Hernandez,Organic
49407,Dahlia Camacho,Dahlia,Camacho,Organic
43379,Damion Horton,Damion,Horton,Organic
46576,Darion Ochoa,Darion,Ochoa,Organic
42589,Darrell Holder,Darrell,Holder,Organic
41432,Darwin Sloan,Darwin,Sloan,Organic
45140,Davon Mcbride,Davon,Mcbride,Organic
44180,Dayton Flores,Dayton,Flores,Organic
47543,Dayton Ho,Dayton,Ho,Organic
48746,Deja Rojas,Deja,Rojas,Organic
46050,Demetrius Chambers,Demetrius,Chambers,Organic
44491,Efrain Allison,Efrain,Allison,Organic
45135,Elianna Short,Elianna,Short,Organic
48063,Elisabeth Clay,Elisabeth,Clay,Organic
48937,Elisha Scott,Elisha,Scott,Organic
41209,Elsa Park,Elsa,Park,Organic
45367,Emery Pitts,Emery,Pitts,Organic
43262,Emilia Keller,Emilia,Keller,Organic
48218,Eric Tran,Eric,Tran,Organic
43015,Erika Abbott,Erika,Abbott,Organic
44456,Essence Casey,Essence,Casey,Organic
44360,Eugene Bautista,Eugene,Bautista,Organic
48812,Faith Wolf,Faith,Wolf,Organic
48177,Fernando Murphy,Fernando,Murphy,Organic
44556,Francis Cherry,Francis,Cherry,Organic
43708,Francis Johns,Francis,Johns,Organic
44434,Francisco Hanson,Francisco,Hanson,Organic
43590,Gabriella Mccarthy,Gabriella,Mccarthy,Organic
47565,Gemma Benitez,Gemma,Benitez,Organic
45480,Gerald Braun,Gerald,Braun,Organic
49405,Gianni Mercado,Gianni,Mercado,Organic
41634,Gideon Morgan,Gideon,Morgan,Organic
43910,Gina Rivers,Gina,Rivers,Organic
45823,Giovanni Carrillo,Giovanni,Carrillo,Organic
44434,Gloria Massey,Gloria,Massey,Organic
44957,Gordon Martinez,Gordon,Martinez,Organic
45432,Greyson Kelley,Greyson,Kelley,Organic
42440,Hadassah Benton,Hadassah,Benton,Organic
48862,Hana Jacobs,Hana,Jacobs,Organic
43513,Harley Hansen,Harley,Hansen,Organic
46930,Harold Rogers,Harold,Rogers,Organic
42847,Holden Morris,Holden,Morris,Organic
47246,Howard Boone,Howard,Boone,Organic
48560,Hunter Holder,Hunter,Holder,Organic
48381,Iliana Flores,Iliana,Flores,Organic
41992,Immanuel Richard,Immanuel,Richard,Organic
49783,Immanuel Townsend,Immanuel,Townsend,Organic
44394,Isiah Strickland,Isiah,Strickland,Organic
49772,Iyana Wiggins,Iyana,Wiggins,Organic
41676,Izayah Harvey,Izayah,Harvey,Organic
48246,Jace Strong,Jace,Strong,Organic
49658,Jacey Dominguez,Jacey,Dominguez,Organic
45911,Jackson Howard,Jackson,Howard,Organic
47600,Jaden Mathews,Jaden,Mathews,Organic
44551,Jagger Mitchell,Jagger,Mitchell,Organic
44204,Jaidyn Hodges,Jaidyn,Hodges,Organic
41185,Jaidyn Small,Jaidyn,Small,Organic
43400,Jamari Hubbard,Jamari,Hubbard,Organic
49786,Jamari Shannon,Jamari,Shannon,Organic
44422,Jamir Wyatt,Jamir,Wyatt,Organic
49651,Janae Berger,Janae,Berger,Organic
44038,Janessa Navarro,Janessa,Navarro,Organic
49735,Jaquan Campos,Jaquan,Campos,Organic
44368,Jaquan Wood,Jaquan,Wood,Organic
48129,Jason Foley,Jason,Foley,Organic
41546,Javon Roy,Javon,Roy,Organic
43191,Jay Dawson,Jay,Dawson,Organic
41909,Jaydan Garner,Jaydan,Garner,Organic
41238,Jaylee Rogers,Jaylee,Rogers,Organic
44012,Jaylen Durham,Jaylen,Durham,Organic
43913,Jaylyn Kaufman,Jaylyn,Kaufman,Organic
49765,Jazmine Villarreal,Jazmine,Villarreal,Organic
41529,Jensen Velez,Jensen,Velez,Organic
48395,Jeremiah Salinas,Jeremiah,Salinas,Organic
48399,Jesse Moss,Jesse,Moss,Organic
43682,Jesus Schaefer,Jesus,Schaefer,Organic
43626,John Bowen,John,Bowen,Organic
46313,John Espinoza,John,Espinoza,Organic
46815,Johnathan Cannon,Johnathan,Cannon,Organic
42894,Jovan Sims,Jovan,Sims,Organic
43460,Jovanni Ware,Jovanni,Ware,Organic
49578,Jude Walker,Jude,Walker,Organic
43534,Julian Duke,Julian,Duke,Organic
43178,Julie Brennan,Julie,Brennan,Organic
49488,Julius Bartlett,Julius,Bartlett,Organic
44054,Kadence Ashley,Kadence,Ashley,Organic
49402,Kadyn Curry,Kadyn,Curry,Organic
48073,Kaia Meyer,Kaia,Meyer,Organic
42333,Kaitlyn Hunt,Kaitlyn,Hunt,Organic
42124,Kaitlynn Church,Kaitlynn,Church,Organic
43132,Kamila Keith,Kamila,Keith,Organic
46944,Karsyn Humphrey,Karsyn,Humphrey,Organic
47035,Kasey Estrada,Kasey,Estrada,Organic
48509,Kash Powell,Kash,Powell,Organic
44262,Katelyn Mcintosh,Katelyn,Mcintosh,Organic
48165,Kaylin Jordan,Kaylin,Jordan,Organic
42873,Kaylynn Hooper,Kaylynn,Hooper,Organic
43222,Kelly Kemp,Kelly,Kemp,Organic
41477,Kelton Wallace,Kelton,Wallace,Organic
45409,Kenna Orr,Kenna,Orr,Facebook
43992,Keyon Luna,Keyon,Luna,Facebook
47951,Keyon Padilla,Keyon,Padilla,TikTok
43131,Kieran Ware,Kieran,Ware,Facebook
48903,Kinley Mcclain,Kinley,Mcclain,Facebook
43886,Kinsley Salazar,Kinsley,Salazar,Facebook
47896,Kira Barker,Kira,Barker,Facebook
43421,Konnor Bonilla,Konnor,Bonilla,Facebook
47345,Kylan David,Kylan,David,Facebook
46202,Lailah Rasmussen,Lailah,Rasmussen,TikTok
46232,Lailah Rose,Lailah,Rose,Facebook
43829,Lamar Lane,Lamar,Lane,TikTok
46606,Landen Stafford,Landen,Stafford,TikTok
43449,Landyn Johnson,Landyn,Johnson,TikTok
47611,Larissa Barrett,Larissa,Barrett,TikTok
41415,Leandro Nguyen,Leandro,Nguyen,TikTok
42911,Leanna Mahoney,Leanna,Mahoney,TikTok
44002,Lena Ali,Lena,Ali,TikTok
47953,Leon Powers,Leon,Powers,TikTok
44844,Leticia Lowe,Leticia,Lowe,TikTok
43423,Lexie Jefferson,Lexie,Jefferson,TikTok
44986,Lillian Knight,Lillian,Knight,TikTok
49412,Lola Mcmahon,Lola,Mcmahon,Google Ads
41342,Louis Shields,Louis,Shields,Google Ads
48308,Luka Barry,Luka,Barry,Google Ads
44679,Madden Atkinson,Madden,Atkinson,Google Ads
42212,Margaret Tanner,Margaret,Tanner,Google Ads
47392,Mariana Foley,Mariana,Foley,Google Ads
44015,Martin Carney,Martin,Carney,Google Ads
48800,Matilda Booth,Matilda,Booth,Google Ads
46541,Matthew Davidson,Matthew,Davidson,Google Ads
45609,Mckinley Clark,Mckinley,Clark,Google Ads
48040,Melody Collier,Melody,Collier,Google Ads
49498,Mercedes Hebert,Mercedes,Hebert,Google Ads
46459,Mia Morton,Mia,Morton,Google Ads
42238,Micah Berger,Micah,Berger,Google Ads
49409,Mikaela Patrick,Mikaela,Patrick,Google Ads
46625,Mikayla Rush,Mikayla,Rush,Google Ads
45814,Miley Bennett,Miley,Bennett,Google Ads
46554,Moises Ayers,Moises,Ayers,Google Ads
48772,Monica Hoover,Monica,Hoover,Google Ads
47313,Moses Chavez,Moses,Chavez,Google Ads
48434,Myles Calhoun,Myles,Calhoun,Google Ads
44818,Mylie Parsons,Mylie,Parsons,Google Ads
49874,Nash Stout,Nash,Stout,Google Ads
46769,Nathen Bonilla,Nathen,Bonilla,Google Ads
44215,Noe Barrera,Noe,Barrera,Google Ads
46696,Oscar Bridges,Oscar,Bridges,Google Ads
42429,Owen Sanders,Owen,Sanders,Google Ads
47082,Paige Mcclure,Paige,Mcclure,Google Ads
41221,Paloma Brady,Paloma,Brady,Google Ads
42847,Parker Schultz,Parker,Schultz,Google Ads
42497,Pedro Sheppard,Pedro,Sheppard,Google Ads
46529,Peter Krueger,Peter,Krueger,Google Ads
47386,Pierre Ferrell,Pierre,Ferrell,Google Ads
41473,Pranav Owen,Pranav,Owen,Google Ads
48793,Presley Jennings,Presley,Jennings,Google Ads
42457,Preston Bradley,Preston,Bradley,Google Ads
48690,Priscilla Dudley,Priscilla,Dudley,Google Ads
43764,Rachel Robertson,Rachel,Robertson,Google Ads
42426,Ramon Knox,Ramon,Knox,Google Ads
41205,Randy Warner,Randy,Warner,Google Ads
41559,Rene Johnston,Rene,Johnston,Google Ads
49644,Rex Ramos,Rex,Ramos,Google Ads
44303,Rhianna Mueller,Rhianna,Mueller,Google Ads
41835,Rhianna Summers,Rhianna,Summers,Google Ads
44140,Richard Gonzalez,Richard,Gonzalez,Google Ads
42445,River Bernard,River,Bernard,Google Ads
46979,River Chapman,River,Chapman,Google Ads
45160,Rodrigo Tapia,Rodrigo,Tapia,Google Ads
46260,Ronald Hall,Ronald,Hall,Google Ads
41502,Rory Scott,Rory,Scott,Google Ads
48539,Rylee Yang,Rylee,Yang,Google Ads
46058,Samuel Macias,Samuel,Macias,Google Ads
46341,Savanah Munoz,Savanah,Munoz,Google Ads
48483,Seamus Humphrey,Seamus,Humphrey,Google Ads
42196,Serena Moss,Serena,Moss,Google Ads
49014,Sharon Banks,Sharon,Banks,Google Ads
44002,Shiloh Shannon,Shiloh,Shannon,Google Ads
49283,Sidney Mckenzie,Sidney,Mckenzie,Organic
46034,Simone Huber,Simone,Huber,Organic
43932,Skyla Frazier,Skyla,Frazier,Organic
41862,Skyler Proctor,Skyler,Proctor,Organic
48051,Sloane Pruitt,Sloane,Pruitt,Organic
47733,Sophia Torres,Sophia,Torres,Organic
44666,Stephany Guzman,Stephany,Guzman,Organic
42869,Steve Howell,Steve,Howell,Organic
49893,Sullivan Guerra,Sullivan,Guerra,Organic
42905,Sydnee Saunders,Sydnee,Saunders,Organic
47997,Taniyah Evans,Taniyah,Evans,Organic
43655,Terrence Reed,Terrence,Reed,Organic
48927,Tiana Barton,Tiana,Barton,Organic
42742,Travis Flowers,Travis,Flowers,Organic
46543,Trent Mack,Trent,Mack,Organic
42808,Tristian Cooper,Tristian,Cooper,Organic
46508,Turner Nielsen,Turner,Nielsen,Organic
46030,Urijah Bryan,Urijah,Bryan,Organic
47807,Victoria Mckee,Victoria,Mckee,Organic
41940,Waylon House,Waylon,House,Organic
44648,Yadira Neal,Yadira,Neal,Organic
41964,Yareli Mcclure,Yareli,Mcclure,Organic
41716,Yurem Williamson,Yurem,Williamson,Organic
44460,Zachariah Finley,Zachariah,Finley,Organic
41999,Zack Riggs,Zack,Riggs,Organic
49749,Zaniyah Hall,Zaniyah,Hall,Organic
47921,Zion Sloan,Zion,Sloan,Organic
45401,Zoie Gillespie,Zoie,Gillespie,Organic
31121,Branson Fry,Branson,Fry,Organic
31147,Gracie Stephenson,Gracie,Stephenson,Organic
31217,Chase Hood,Chase,Hood,Organic
31222,Yadira Wilkinson,Yadira,Wilkinson,Organic
31250,Sergio Clay,Sergio,Clay,Google Ads
31261,Rachel Warren,Rachel,Warren,Google Ads
31279,Abigayle Long,Abigayle,Long,Organic
31424,Blaine Russell,Blaine,Russell,Organic
31437,Alyson Barrett,Alyson,Barrett,Organic
31466,Quinten Huff,Quinten,Huff,Google Ads
31477,Timothy Hall,Timothy,Hall,Organic
31508,Jovanni Marsh,Jovanni,Marsh,TikTok
31538,Charlie Middleton,Charlie,Middleton,Organic
31553,Kathryn Lyons,Kathryn,Lyons,TikTok
31554,Ruby Hendricks,Ruby,Hendricks,Google Ads
31587,Tyshawn Woods,Tyshawn,Woods,Organic
31634,Blake Wilcox,Blake,Wilcox,Organic
31690,John Dougherty,John,Dougherty,TikTok
31730,Caiden Ali,Caiden,Ali,Organic
31760,Imani Stephens,Imani,Stephens,Organic
31837,Kole Barr,Kole,Barr,TikTok
31840,Mckenna Crosby,Mckenna,Crosby,Google Ads
31866,Deborah Guzman,Deborah,Guzman,Organic
31881,Deborah Johns,Deborah,Johns,Organic
31883,Karissa Mayo,Karissa,Mayo,TikTok
31963,Elyse Browning,Elyse,Browning,Organic
31992,Cale Salas,Cale,Salas,Organic
32030,Aimee Tapia,Aimee,Tapia,Organic
32107,Leilani Lang,Leilani,Lang,TikTok
32110,Delilah Ward,Delilah,Ward,Organic
32130,Aliyah Phelps,Aliyah,Phelps,Organic
32147,Juliana Hammond,Juliana,Hammond,TikTok
32162,Frankie Bond,Frankie,Bond,Organic
32201,Aleah Fuller,Aleah,Fuller,Organic
32213,John Dalton,John,Dalton,TikTok
32214,Elliana Ortega,Elliana,Ortega,Organic
32275,Owen Dunlap,Owen,Dunlap,Google Ads
32292,Lyric Bartlett,Lyric,Bartlett,Google Ads
32474,Walker Madden,Walker,Madden,Organic
32492,Bridget Stevenson,Bridget,Stevenson,Organic
32511,Alivia Golden,Alivia,Golden,Organic
32603,Finley Greene,Finley,Greene,Organic
32650,Lea Rich,Lea,Rich,TikTok
32693,Gary Parks,Gary,Parks,Organic
32722,Rocco Chandler,Rocco,Chandler,Google Ads
32744,Orion Pennington,Orion,Pennington,Google Ads
32753,Mariah Patton,Mariah,Patton,Google Ads
32799,Travis Grant,Travis,Grant,Organic
32801,Jaylen Dickerson,Jaylen,Dickerson,Facebook
32822,Jason Chavez,Jason,Chavez,Organic
32826,James Bolton,James,Bolton,Organic
32873,Kassidy Crawford,Kassidy,Crawford,TikTok
32878,Linda Jacobs,Linda,Jacobs,Google Ads
32892,Giuliana Coleman,Giuliana,Coleman,Organic
32912,Slade Cannon,Slade,Cannon,Organic
32916,Raiden Gardner,Raiden,Gardner,Google Ads
32967,Aryana Huber,Aryana,Huber,Organic
33047,August Haley,August,Haley,Organic
33095,Mariana English,Mariana,English,Google Ads
33105,Amber Frazier,Amber,Frazier,Organic
33134,Geovanni Lamb,Geovanni,Lamb,Organic
33182,Kolton Boone,Kolton,Boone,TikTok
33200,Cayden Fox,Cayden,Fox,Organic
33213,Maliyah Shah,Maliyah,Shah,Google Ads
33214,Jaylan Brady,Jaylan,Brady,Organic
33264,Beatrice Richards,Beatrice,Richards,Organic
33325,Yosef Ryan,Yosef,Ryan,Organic
33390,Akira Santos,Akira,Santos,Organic
33413,Cristina Robles,Cristina,Robles,Organic
33419,Aleena Fischer,Aleena,Fischer,Organic
33430,Daphne Ramsey,Daphne,Ramsey,Organic
33520,Riley Guerrero,Riley,Guerrero,Google Ads
33575,Shiloh Barrett,Shiloh,Barrett,Organic
33639,Alexandra Barrett,Alexandra,Barrett,Organic
33646,Jaelynn Neal,Jaelynn,Neal,Organic
33649,Anya Clayton,Anya,Clayton,Organic
33659,Leilani Shea,Leilani,Shea,TikTok
33672,Celia Boyer,Celia,Boyer,Organic
33686,Armando Woodward,Armando,Woodward,Organic
33693,Ashlee Walters,Ashlee,Walters,Organic
33768,Abbie Goodwin,Abbie,Goodwin,Organic
33868,Kenna Villanueva,Kenna,Villanueva,TikTok
33961,Makaila Lozano,Makaila,Lozano,Google Ads
33961,Brianna Humphrey,Brianna,Humphrey,Organic
33977,Corinne Morris,Corinne,Morris,Organic
33992,Bailee Marsh,Bailee,Marsh,Organic
33998,Shawn Buck,Shawn,Buck,Google Ads
34001,Kaley Strong,Kaley,Strong,TikTok
34003,Landin Klein,Landin,Klein,TikTok
34025,Tyson Rice,Tyson,Rice,Organic
34048,Gwendolyn Todd,Gwendolyn,Todd,Organic
34069,Katrina Finley,Katrina,Finley,TikTok
34099,Kathryn Bell,Kathryn,Bell,TikTok
34107,Ciara Dodson,Ciara,Dodson,Organic
34113,Johan Castaneda,Johan,Castaneda,TikTok
34150,Eric Carr,Eric,Carr,Organic
34166,Kiana Harris,Kiana,Harris,TikTok
34193,Jermaine Summers,Jermaine,Summers,Facebook
34266,Shayla Anthony,Shayla,Anthony,Google Ads
34369,Sonny Hahn,Sonny,Hahn,Organic
34373,Caleb Proctor,Caleb,Proctor,Organic
34391,Koen Roy,Koen,Roy,TikTok
34394,Aria Bender,Aria,Bender,Organic
34439,Abbigail Olsen,Abbigail,Olsen,Organic
34464,Winston Clarke,Winston,Clarke,Organic
34471,Gabriella Carlson,Gabriella,Carlson,Organic
34482,Darrell Sosa,Darrell,Sosa,Organic
34502,Helena Goodwin,Helena,Goodwin,Organic
34597,Lila Boyd,Lila,Boyd,TikTok
34662,Ross Huerta,Ross,Huerta,Google Ads
34678,Kristen Blackwell,Kristen,Blackwell,TikTok
34681,Jaycee Hoover,Jaycee,Hoover,Organic
34689,Joy Baird,Joy,Baird,TikTok
34797,Jaeden Cruz,Jaeden,Cruz,Organic
34842,Jovanni Terrell,Jovanni,Terrell,TikTok
34929,Matteo Murillo,Matteo,Murillo,Google Ads
34938,Mia Evans,Mia,Evans,Google Ads
34939,Kendrick Reilly,Kendrick,Reilly,TikTok
34947,Matilda Greene,Matilda,Greene,Google Ads
34949,Judith Vega,Judith,Vega,TikTok
34960,Joanna Sexton,Joanna,Sexton,Facebook
34967,Marcus Clements,Marcus,Clements,Google Ads
34971,Jessica Wise,Jessica,Wise,Facebook
35012,Davin Lang,Davin,Lang,Organic
35022,Sidney Waller,Sidney,Waller,Organic
35056,Mattie Harvey,Mattie,Harvey,Google Ads
35186,Luciano Acosta,Luciano,Acosta,Google Ads
35209,Mollie Sharp,Mollie,Sharp,Google Ads
35253,Marianna Huerta,Marianna,Huerta,Google Ads
35266,Ernest Figueroa,Ernest,Figueroa,Organic
35267,Leonard Ayala,Leonard,Ayala,TikTok
35380,Raven Levy,Raven,Levy,Google Ads
35380,Marshall Swanson,Marshall,Swanson,Google Ads
35424,Angela Koch,Angela,Koch,Organic
35425,Meadow Dunlap,Meadow,Dunlap,Google Ads
35427,Valentin Garrett,Valentin,Garrett,Organic
35454,Sean Gutierrez,Sean,Gutierrez,Google Ads
35503,Jay Kaufman,Jay,Kaufman,Organic
35510,Dylan Dunn,Dylan,Dunn,Organic
35531,Allisson Sheppard,Allisson,Sheppard,Organic
35535,Megan Ray,Megan,Ray,Google Ads
35582,Alan Ellison,Alan,Ellison,Organic
35603,Azaria Frost,Azaria,Frost,Organic
35607,Darrell Odom,Darrell,Odom,Organic
35626,Alisha Oneill,Alisha,Oneill,Organic
35632,Georgia Zavala,Georgia,Zavala,Organic
35640,Blaine Oneill,Blaine,Oneill,Organic
35672,Trey Mata,Trey,Mata,Organic
35674,Kamora Dean,Kamora,Dean,TikTok
35683,Cortez Hull,Cortez,Hull,Organic
35688,Aliya Herman,Aliya,Herman,Organic
35698,Nyasia Finley,Nyasia,Finley,Google Ads
35757,Corinne Bean,Corinne,Bean,Organic
35793,Kylie Calderon,Kylie,Calderon,TikTok
35798,Rashad David,Rashad,David,Google Ads
35800,Braylen Parker,Braylen,Parker,Organic
35849,Leon Porter,Leon,Porter,TikTok
35887,Micah Yu,Micah,Yu,Google Ads
35950,Alanna Morton,Alanna,Morton,Organic
35966,Adelyn Pruitt,Adelyn,Pruitt,Organic
35975,Raelynn Conner,Raelynn,Conner,Google Ads
35980,Prince Rowe,Prince,Rowe,Google Ads
36005,Lesly Villanueva,Lesly,Villanueva,TikTok
36095,Blake Obrien,Blake,Obrien,Organic
36112,Cassandra Sosa,Cassandra,Sosa,Organic
36141,Nathalie Good,Nathalie,Good,Google Ads
36171,Noel Horne,Noel,Horne,Google Ads
36179,Natalee Medina,Natalee,Medina,Google Ads
36203,Krista Conley,Krista,Conley,TikTok
36241,Tyrell Stevenson,Tyrell,Stevenson,Organic
36265,Erik Leblanc,Erik,Leblanc,Organic
36267,Isai Rice,Isai,Rice,Organic
36297,Jordyn Morton,Jordyn,Morton,TikTok
36357,Miracle Simpson,Miracle,Simpson,Google Ads
36362,Ellen Jefferson,Ellen,Jefferson,Organic
36372,Nadia Dudley,Nadia,Dudley,Google Ads
36412,Ari Atkinson,Ari,Atkinson,Organic
36466,Tommy Wood,Tommy,Wood,Organic
36564,Jaylene Bates,Jaylene,Bates,Facebook
36589,Neveah Cohen,Neveah,Cohen,Google Ads
36592,Marisol Bullock,Marisol,Bullock,Google Ads
36601,Aydan Spears,Aydan,Spears,Organic
36622,Tyler Hahn,Tyler,Hahn,Organic
36624,Dereon Shields,Dereon,Shields,Organic
36626,Freddy Zhang,Freddy,Zhang,Organic
36679,Ulises Osborn,Ulises,Osborn,Organic
36703,Ellie Parrish,Ellie,Parrish,Organic
36708,Davon Case,Davon,Case,Organic
36719,Braedon Coleman,Braedon,Coleman,Organic
36732,Corinne Kemp,Corinne,Kemp,Organic
36756,Amaya Shea,Amaya,Shea,Organic
36764,Daniella Shelton,Daniella,Shelton,Organic
36773,Sandra Cameron,Sandra,Cameron,Google Ads
36796,Mohamed English,Mohamed,English,Google Ads
36830,Victoria Hodges,Victoria,Hodges,Organic
36931,Pamela Blake,Pamela,Blake,Google Ads
36960,Autumn Adkins,Autumn,Adkins,Organic
36964,Hugh Glass,Hugh,Glass,Organic
36973,Aileen Thornton,Aileen,Thornton,Organic
36974,Lilly Bryant,Lilly,Bryant,Google Ads
37025,Alejandra Spears,Alejandra,Spears,Organic
37090,Ashly Potts,Ashly,Potts,Organic
37096,Dylan Wood,Dylan,Wood,Organic
37191,Messiah Koch,Messiah,Koch,Google Ads
37205,Melanie Peterson,Melanie,Peterson,Google Ads
37240,Austin Osborn,Austin,Osborn,Organic
37270,Macy Huff,Macy,Huff,Google Ads
37277,Jesus Larsen,Jesus,Larsen,Facebook
37282,Moriah Weeks,Moriah,Weeks,Google Ads
37287,Manuel Garcia,Manuel,Garcia,Google Ads
37291,Matthias Rich,Matthias,Rich,Google Ads
37421,Olivia Donaldson,Olivia,Donaldson,Google Ads
37422,Jerry Tanner,Jerry,Tanner,Facebook
37429,Marlene Rivas,Marlene,Rivas,Google Ads
37459,Wayne Beasley,Wayne,Beasley,Organic
37542,Shamar Trevino,Shamar,Trevino,Google Ads
37552,Maia Escobar,Maia,Escobar,Google Ads
37561,Brylee Mcclure,Brylee,Mcclure,Organic
37577,Taryn Rojas,Taryn,Rojas,Organic
37591,Janiyah Hoffman,Janiyah,Hoffman,Organic
37626,Stephen Reyes,Stephen,Reyes,Organic
37644,Jaydan Davies,Jaydan,Davies,Organic
37665,Jagger Walter,Jagger,Walter,Organic
37687,Frankie Wise,Frankie,Wise,Organic
37692,Phoebe Steele,Phoebe,Steele,Google Ads
37693,Izabelle Choi,Izabelle,Choi,Organic
37752,Carla Nelson,Carla,Nelson,Organic
37757,Finley Herring,Finley,Herring,Organic
37909,Ty Hartman,Ty,Hartman,Organic
37911,Kayley Garner,Kayley,Garner,TikTok
37912,Brodie Moyer,Brodie,Moyer,Organic
37933,Briley Owens,Briley,Owens,Organic
37966,Dayton Weber,Dayton,Weber,Organic
37990,Rylee Murray,Rylee,Murray,Google Ads
38016,Reynaldo Poole,Reynaldo,Poole,Google Ads
38030,Arabella Mathews,Arabella,Mathews,Organic
38085,Abdiel Wheeler,Abdiel,Wheeler,Organic
38103,Deangelo Barrett,Deangelo,Barrett,Organic
38119,Jimmy Mendoza,Jimmy,Mendoza,Facebook
38211,Kamryn Ross,Kamryn,Ross,TikTok
38234,Raphael Walker,Raphael,Walker,Google Ads
38256,Jasper Nichols,Jasper,Nichols,Organic
38263,Tiffany Cunningham,Tiffany,Cunningham,Organic
38291,Sanaa Olson,Sanaa,Olson,Google Ads
38328,Nyasia Wilkinson,Nyasia,Wilkinson,Google Ads
38338,Andy Salinas,Andy,Salinas,Organic
38350,Laci Roach,Laci,Roach,TikTok
38351,Sebastian Mercer,Sebastian,Mercer,Google Ads
38354,Miracle Shepherd,Miracle,Shepherd,Google Ads
38382,Lauryn Hobbs,Lauryn,Hobbs,TikTok
38392,Aimee Vasquez,Aimee,Vasquez,Organic
38436,Kenny Small,Kenny,Small,TikTok
38440,Jocelyn Pratt,Jocelyn,Pratt,Facebook
38589,Devan Gould,Devan,Gould,Organic
38623,Rene Friedman,Rene,Friedman,Google Ads
38625,Alani Brandt,Alani,Brandt,Organic
38635,Deja Murillo,Deja,Murillo,Organic
38680,Kaiya Meadows,Kaiya,Meadows,TikTok
38694,Erika Espinoza,Erika,Espinoza,Organic
38698,Liam Case,Liam,Case,TikTok
38699,Liana Greer,Liana,Greer,TikTok
38705,Dominick Walker,Dominick,Walker,Organic
38721,Alannah Eaton,Alannah,Eaton,Organic
38768,Bella Day,Bella,Day,Organic
38797,Itzel Cline,Itzel,Cline,Organic
38813,Mario Underwood,Mario,Underwood,Google Ads
38831,Danielle Stevenson,Danielle,Stevenson,Organic
38904,Jerimiah Daugherty,Jerimiah,Daugherty,Facebook
38930,Evan Cameron,Evan,Cameron,Organic
38952,Patience Hampton,Patience,Hampton,Google Ads
39063,Tyler Roth,Tyler,Roth,Organic
39081,Madison Schroeder,Madison,Schroeder,Google Ads
39086,Levi Bradshaw,Levi,Bradshaw,TikTok
39090,Tyrese Montgomery,Tyrese,Montgomery,Organic
39150,Presley Strickland,Presley,Strickland,Google Ads
39244,Gilberto Berger,Gilberto,Berger,Organic
39248,Zion Shaw,Zion,Shaw,Organic
39250,Mackenzie Montes,Mackenzie,Montes,Google Ads
39292,Moises Farmer,Moises,Farmer,Google Ads
39328,Dayana Shaffer,Dayana,Shaffer,Organic
39329,Meredith Campos,Meredith,Campos,Google Ads
39569,Logan Ballard,Logan,Ballard,Google Ads
39569,Elaina Combs,Elaina,Combs,Organic
39609,Azaria Davis,Azaria,Davis,Organic
39615,Kara Morales,Kara,Morales,TikTok
39616,Alisson Mccall,Alisson,Mccall,Organic
39663,Kyson Meyers,Kyson,Meyers,TikTok
39667,Ralph Wilcox,Ralph,Wilcox,Google Ads
39691,Damion Wyatt,Damion,Wyatt,Organic
39713,Ricky Jensen,Ricky,Jensen,Google Ads
39748,Eric Rich,Eric,Rich,Organic
39797,Adeline Carrillo,Adeline,Carrillo,Organic
39820,Leilani Prince,Leilani,Prince,TikTok
39878,Carmelo Ballard,Carmelo,Ballard,Organic
39912,Clayton Newman,Clayton,Newman,Organic
39961,Kallie Murphy,Kallie,Murphy,TikTok
39968,Luciana Farmer,Luciana,Farmer,Google Ads
39991,Marianna Pearson,Marianna,Pearson,Google Ads
