User ID,First Name,Last Name,Full Name,Referral Code,Referrer Code
51206,Abby,Nixon,Abby Nixon,,INV14278
58863,Abril,Hunter,Abril Hunter,,INV50686
58934,Ada,Murillo,Ada Murillo,,INV85136
54810,Addisyn,Bradford,Addisyn Bradford,,INV10756
51424,Adelyn,Simmons,Adelyn Simmons,,INV48190
51484,Adriel,Key,Adriel Key,,INV77118
55366,Adyson,Munoz,Adyson Munoz,,INV15007
56381,Adyson,Graham,Adyson Graham,,INV67944
54239,Alaina,Aguirre,Alaina Aguirre,,INV55900
52061,Alannah,Meyers,Alannah Meyers,,INV73220
55949,Aleah,Davenport,Aleah Davenport,,INV50115
53787,Aleah,Roman,Aleah Roman,,INV13606
53933,Aleena,Gibson,Aleena Gibson,,INV15360
59861,Alessandro,Valencia,Alessandro Valencia,,INV39152
56854,Alfonso,Parsons,Alfonso Parsons,,INV32800
59958,Alfonso,Tanner,Alfonso Tanner,,INV65998
53928,Alice,Beard,Alice Beard,,INV23170
52439,Alissa,Clark,Alissa Clark,,INV57935
51898,Alisson,Pearson,Alisson Pearson,,INV70104
53474,Aliza,Foley,Aliza Foley,,INV83770
52827,Alyssa,Schneider,Alyssa Schneider,,INV86528
57852,Amelia,Mckee,Amelia Mckee,,INV79942
56281,Amira,Kent,Amira Kent,,INV15431
54843,Amya,Silva,Amya Silva,,INV48991
59138,Ana,Edwards,Ana Edwards,,INV27899
54287,Anabella,Nunez,Anabella Nunez,,INV45161
57529,Anabella,Tyler,Anabella Tyler,,INV72842
52638,Anabelle,Acevedo,Anabelle Acevedo,,INV62371
56512,Anastasia,Carlson,Anastasia Carlson,,INV40689
56985,Anaya,Velez,Anaya Velez,,INV42967
57718,Angeline,Whitaker,Angeline Whitaker,,INV24674
59470,Angelique,Cannon,Angelique Cannon,,INV74887
57877,Anika,Greer,Anika Greer,,INV41618
56169,Ann,Murray,Ann Murray,,INV73520
54245,Anna,Bartlett,Anna Bartlett,,INV84388
57313,Anna,Harrell,Anna Harrell,,INV27897
59758,Annalise,Calhoun,Annalise Calhoun,,INV17830
55266,Araceli,Proctor,Araceli Proctor,,INV30294
56730,Arturo,Silva,Arturo Silva,,INV45950
55875,Arturo,Mejia,Arturo Mejia,,INV25287
52038,Aryan,Reese,Aryan Reese,,INV84649
54822,Aryanna,Spence,Aryanna Spence,,INV71226
55875,Ashanti,Huang,Ashanti Huang,,INV74029
57554,Ashlee,Shah,Ashlee Shah,,INV21856
52462,Ashton,Yu,Ashton Yu,,INV20258
56712,Aspen,Sweeney,Aspen Sweeney,,INV53620
54060,Aubrie,Underwood,Aubrie Underwood,,INV31679
55205,Augustus,Livingston,Augustus Livingston,,INV57450
58496,Phillip,Townsend,Phillip Townsend,REF72834,
56608,Quentin,Sosa,Quentin Sosa,REF28927,
55578,Quintin,Alvarado,Quintin Alvarado,REF19009,
54487,Rachael,Stafford,Rachael Stafford,REF39586,
51535,Raegan,Gould,Raegan Gould,REF89007,
57825,Raelynn,Zavala,Raelynn Zavala,REF17996,
52421,Raiden,Wall,Raiden Wall,REF48390,
58108,Raina,Cantu,Raina Cantu,REF15921,
54302,Rebecca,Yoder,Rebecca Yoder,REF87186,
59179,Reed,Sandoval,Reed Sandoval,REF27093,
51546,Reilly,Romero,Reilly Romero,REF85624,
56531,Rey,Griffin,Rey Griffin,REF33446,
58851,Reyna,Wolfe,Reyna Wolfe,REF56243,
59228,Riley,Pineda,Riley Pineda,REF69939,
55283,Riya,Hensley,Riya Hensley,REF34644,
57258,Roland,Torres,Roland Torres,REF51452,
59416,Rory,Alvarez,Rory Alvarez,REF75841,
58605,Ryker,Chapman,Ryker Chapman,REF81015,
51863,Rylee,Hayes,Rylee Hayes,REF41577,
51992,Rylee,Douglas,Rylee Douglas,REF20349,
58390,Rylee,Mann,Rylee Mann,REF18031,
57675,Ryleigh,Cooley,Ryleigh Cooley,REF39466,
58786,Sage,Sherman,Sage Sherman,REF86363,
57680,Samara,Compton,Samara Compton,REF33552,
58944,Samara,Warren,Samara Warren,REF14715,
58925,Samson,Compton,Samson Compton,REF65907,
55504,Sarai,Horton,Sarai Horton,REF45315,
56562,Sasha,Reed,Sasha Reed,REF24782,
56106,Sasha,Pope,Sasha Pope,REF53223,
56207,Sasha,Larsen,Sasha Larsen,REF88972,
56606,Savion,Huang,Savion Huang,REF31535,
58694,Scott,Mclean,Scott Mclean,REF55846,
55482,Sebastian,Austin,Sebastian Austin,REF88572,
59157,Shawn,Avila,Shawn Avila,REF88117,
58329,Sherlyn,Mack,Sherlyn Mack,REF40565,
52110,Shyanne,Hobbs,Shyanne Hobbs,REF64251,
53849,Skye,Frederick,Skye Frederick,REF89823,
55629,Skyler,Monroe,Skyler Monroe,REF40500,
55816,Sloane,Mueller,Sloane Mueller,REF77828,
56497,Sophie,Contreras,Sophie Contreras,REF16962,
51708,Sydney,Villanueva,Sydney Villanueva,REF28626,
53713,Sylvia,Blake,Sylvia Blake,REF50139,
55419,Taliyah,Burns,Taliyah Burns,REF33133,
55903,Tamara,Mullen,Tamara Mullen,REF64280,
54625,Tamia,Conner,Tamia Conner,REF30348,
53509,Taryn,Wilson,Taryn Wilson,REF76258,
57338,Teresa,Cochran,Teresa Cochran,REF15269,
55540,Thaddeus,Krueger,Thaddeus Krueger,REF67803,
55786,Thomas,Duffy,Thomas Duffy,REF20672,
53162,Tiana,Vincent,Tiana Vincent,REF40256,
53000,Tori,Clayton,Tori Clayton,REF83844,
52024,Tristen,Proctor,Tristen Proctor,REF69058,
51921,Tristen,Schultz,Tristen Schultz,REF63269,
58407,Tristian,Dennis,Tristian Dennis,REF46497,
59251,Tucker,Mcdowell,Tucker Mcdowell,REF45965,
58603,Ty,Dougherty,Ty Dougherty,REF79234,
53182,Tyree,Hess,Tyree Hess,REF57800,
52767,Tyrone,Pitts,Tyrone Pitts,REF88903,
56406,Valerie,Coleman,Valerie Coleman,REF29241,
51430,Vanessa,Ross,Vanessa Ross,REF61983,
54973,Vincent,Shields,Vincent Shields,REF72870,
59245,Vivian,Petty,Vivian Petty,REF18238,
51297,Wendy,Burton,Wendy Burton,REF86711,
59409,William,Duffy,William Duffy,REF25783,
55040,Yandel,Guerra,Yandel Guerra,REF77672,
58793,Yusuf,Galloway,Yusuf Galloway,REF47570,
58169,Zackary,Obrien,Zackary Obrien,REF36751,
55928,Zain,Miller,Zain Miller,REF12099,
52395,Zaria,Rose,Zaria Rose,REF39801,
52499,Zoey,Avery,Zoey Avery,REF86351,
42407,Abbigail Horn,Abbigail,Horn,REF63450,INV61915
46844,Addyson Mills,Addyson,Mills,,INV29537
41658,Adelaide Wall,Adelaide,Wall,,INV13113
43724,Adolfo Chambers,Adolfo,Chambers,,INV71991
45692,Alan Herrera,Alan,Herrera,,INV76507
45216,Alanna Nolan,Alanna,Nolan,,INV45408
45487,Alena Patrick,Alena,Patrick,,INV65932
42343,Alexandria Whitehead,Alexandria,Whitehead,,INV40958
49341,Alexis Blake,Alexis,Blake,REF29116,INV86864
47715,Alexis Huynh,Alexis,Huynh,,INV42509
49280,Alfred Walters,Alfred,Walters,,INV39650
46613,Alia Moore,Alia,Moore,,INV89014
44796,Aliya Patterson,Aliya,Patterson,,INV16711
49073,Aliya Schneider,Aliya,Schneider,,INV24933
43902,Aliya Shields,Aliya,Shields,,INV46383
42504,Amiah Callahan,Amiah,Callahan,REF17608,INV82058
44205,Angela Stephens,Angela,Stephens,,INV40031
46746,Angie Henderson,Angie,Henderson,,INV57649
49705,Anna Richmond,Anna,Richmond,,INV14290
48627,Anne Casey,Anne,Casey,REF73515,INV25942
45048,Annika Yang,Annika,Yang,,INV69988
48862,Arabella Lewis,Arabella,Lewis,,INV23675
48595,Araceli Herrera,Araceli,Herrera,,INV17563
44509,Aria Graves,Aria,Graves,,INV16044
46018,Armani Hardin,Armani,Hardin,,INV78062
44084,Aubrie Torres,Aubrie,Torres,,INV60888
44018,Averi Mack,Averi,Mack,,INV70832
49923,Ayana Wu,Ayana,Wu,,INV35204
42333,Barbara Morrow,Barbara,Morrow,,INV45981
45738,Bernard Huber,Bernard,Huber,,INV56507
43137,Billy Charles,Billy,Charles,,INV30749
49191,Bradley Mathews,Bradley,Mathews,,INV69162
48144,Brenden Mckinney,Brenden,Mckinney,,INV58668
42020,Bria Walton,Bria,Walton,,INV89966
46850,Brooklynn Obrien,Brooklynn,Obrien,,INV23271
41817,Bruno Brewer,Bruno,Brewer,REF81038,INV64417
46705,Bryson Drake,Bryson,Drake,,INV47044
43245,Casey Andrews,Casey,Andrews,REF45379,
47971,Coby Calhoun,Coby,Calhoun,REF55129,
49407,Dahlia Camacho,Dahlia,Camacho,REF81693,
44491,Efrain Allison,Efrain,Allison,REF28517,
43015,Erika Abbott,Erika,Abbott,REF64566,
44456,Essence Casey,Essence,Casey,REF87424,
44360,Eugene Bautista,Eugene,Bautista,REF64236,
47565,Gemma Benitez,Gemma,Benitez,REF18261,
45480,Gerald Braun,Gerald,Braun,REF66412,
45823,Giovanni Carrillo,Giovanni,Carrillo,REF78843,
42440,Hadassah Benton,Hadassah,Benton,REF30702,
47246,Howard Boone,Howard,Boone,REF48801,
49651,Janae Berger,Janae,Berger,REF44670,
49735,Jaquan Campos,Jaquan,Campos,REF89677,
43626,John Bowen,John,Bowen,REF77349,
46815,Johnathan Cannon,Johnathan,Cannon,REF76503,
43178,Julie Brennan,Julie,Brennan,REF85146,
49488,Julius Bartlett,Julius,Bartlett,REF25244,
44054,Kadence Ashley,Kadence,Ashley,REF84401,
47896,Kira Barker,Kira,Barker,REF52412,
43421,Konnor Bonilla,Konnor,Bonilla,REF10490,
47611,Larissa Barrett,Larissa,Barrett,REF33175,
44002,Lena Ali,Lena,Ali,REF55708,
48308,Luka Barry,Luka,Barry,REF87957,
44679,Madden Atkinson,Madden,Atkinson,REF35240,
44015,Martin Carney,Martin,Carney,REF38508,
48800,Matilda Booth,Matilda,Booth,REF29129,
42238,Micah Berger,Micah,Berger,REF20286,
45814,Miley Bennett,Miley,Bennett,REF71736,
46554,Moises Ayers,Moises,Ayers,REF40620,
48434,Myles Calhoun,Myles,Calhoun,REF34203,
46769,Nathen Bonilla,Nathen,Bonilla,REF23940,
44215,Noe Barrera,Noe,Barrera,REF26413,
46696,Oscar Bridges,Oscar,Bridges,REF16707,
41221,Paloma Brady,Paloma,Brady,REF52873,
42457,Preston Bradley,Preston,Bradley,REF23926,
42445,River Bernard,River,Bernard,REF61339,
49014,Sharon Banks,Sharon,Banks,REF27014,
48927,Tiana Barton,Tiana,Barton,REF78068,
46030,Urijah Bryan,Urijah,Bryan,REF23849,
31121,Branson Fry,Branson,Fry,,INV69783
31147,Gracie Stephenson,Gracie,Stephenson,,INV52997
31217,Chase Hood,Chase,Hood,,INV28361
31222,Yadira Wilkinson,Yadira,Wilkinson,REF83520,INV20542
31250,Sergio Clay,Sergio,Clay,REF19388,INV54712
31261,Rachel Warren,Rachel,Warren,,INV10420
31279,Abigayle Long,Abigayle,Long,,INV10563
31424,Blaine Russell,Blaine,Russell,,INV30352
31437,Alyson Barrett,Alyson,Barrett,,INV58123
31466,Quinten Huff,Quinten,Huff,,INV66716
31477,Timothy Hall,Timothy,Hall,REF22446,INV42996
31508,Jovanni Marsh,Jovanni,Marsh,,INV62487
31538,Charlie Middleton,Charlie,Middleton,,INV74890
31553,Kathryn Lyons,Kathryn,Lyons,,INV66085
31554,Ruby Hendricks,Ruby,Hendricks,,INV19464
31587,Tyshawn Woods,Tyshawn,Woods,REF28903,INV85482
31634,Blake Wilcox,Blake,Wilcox,,INV15010
31690,John Dougherty,John,Dougherty,,INV34235
31730,Caiden Ali,Caiden,Ali,,INV72322
31760,Imani Stephens,Imani,Stephens,,INV36370
31837,Kole Barr,Kole,Barr,,INV47139
31840,Mckenna Crosby,Mckenna,Crosby,,INV78916
31866,Deborah Guzman,Deborah,Guzman,,INV14435
31881,Deborah Johns,Deborah,Johns,,INV90672
31883,Karissa Mayo,Karissa,Mayo,,INV79819
31963,Elyse Browning,Elyse,Browning,,INV42176
31992,Cale Salas,Cale,Salas,,INV59055
32474,Walker Madden,Walker,Madden,REF12109,
32799,Travis Grant,Travis,Grant,REF11464,
32912,Slade Cannon,Slade,Cannon,REF69208,
33325,Yosef Ryan,Yosef,Ryan,REF59728,
33575,Shiloh Barrett,Shiloh,Barrett,REF72186,
33768,Abbie Goodwin,Abbie,Goodwin,REF84216,
33998,Shawn Buck,Shawn,Buck,REF27360,
34025,Tyson Rice,Tyson,Rice,REF60438,
34266,Shayla Anthony,Shayla,Anthony,REF59943,
34369,Sonny Hahn,Sonny,Hahn,REF10993,
34464,Winston Clarke,Winston,Clarke,REF13381,
35022,Sidney Waller,Sidney,Waller,REF43733,
35427,Valentin Garrett,Valentin,Garrett,REF40822,
35454,Sean Gutierrez,Sean,Gutierrez,REF32126,
35672,Trey Mata,Trey,Mata,REF17722,
36241,Tyrell Stevenson,Tyrell,Stevenson,REF27989,
36466,Tommy Wood,Tommy,Wood,REF42516,
36622,Tyler Hahn,Tyler,Hahn,REF59007,
36679,Ulises Osborn,Ulises,Osborn,REF78357,
36773,Sandra Cameron,Sandra,Cameron,REF35131,
36830,Victoria Hodges,Victoria,Hodges,REF52771,
37459,Wayne Beasley,Wayne,Beasley,REF19593,
37542,Shamar Trevino,Shamar,Trevino,REF52799,
37577,Taryn Rojas,Taryn,Rojas,REF71422,
37626,Stephen Reyes,Stephen,Reyes,REF53016,
37909,Ty Hartman,Ty,Hartman,REF66389,
37990,Rylee Murray,Rylee,Murray,REF84839,
38263,Tiffany Cunningham,Tiffany,Cunningham,REF65299,
38291,Sanaa Olson,Sanaa,Olson,REF66654,
38351,Sebastian Mercer,Sebastian,Mercer,REF10666,
39063,Tyler Roth,Tyler,Roth,REF54899,
39090,Tyrese Montgomery,Tyrese,Montgomery,REF27360,
39248,Zion Shaw,Zion,Shaw,REF72791,
